index,label,tweet
210,0,I reckon straight women fancy victoria secret models more than straight men do #victoriasecret #irony
75,0,@TelegraphPromos @Mistress_Fiona Second prize is TWO signed copies of Boris' book. #onlyKidding #not
152,0,@ChristianCalls1 @serr8d @ShawnSt51128037 that wasn't a choke hold the officer was trying to keep #EricGarner from falling forward. #sarcasm
327,1,Luv this #not
257,0,"I like to think of myself as a broken down Justin Bieber - my philosophy professor, everyone. #sarcasm"
1221,1,@DotunAkin_ to finally win the champs league.. No teams are that good this year and we've got a solid draw #sarcasm #banter #stillgoingout
2378,1,@the_cheshirekat @TheLividPatriot Ya cause their country is calm and peaceful from Everyone arming themselves #sarcasm
2891,1,@AnimaILife: I think I can make it http://t.co/fb4erBNdty// Aaaawww #not ... @scotsellie @booona06
246,0,Not everyone's really for you no matter how long you knew them . And not everyone's a bad person just because it's been a short time. #irony
19,0,@JimHumbert @GotNewsDotCom Really?! Unbelievable! U mean he was a Thug & Criminal?  #sarcasm
63,0,@DalailamaQuots I don't recall dalai lama talking about busty girls and celebs but apart from that.... #irony
74,0,"@Mike_Ashley_Out @towlawrian @nufcfans I guess this is where he lost a couple of million to Lambias, is it? #Sarcasm  #LudicrousStory"
26,0,"@willbrooker feeding your own flesh and blood/making an alley way smell terrible = same, same. #not #90ssarcasm #thesun #thingsthatarewrong"
111,1,"#JeremyNortham there, insulting Piano's and songs. Shut the fuck up man. Bet you thought you were #epic...#not. #GosfordPark."
196,0,@BrentRivera I have a boyfriend! (#not) *hair flip and walks away*
2927,1,Carphone Warehouse call centre employees are such classy people #sarcasm @CPWTweets
1935,1,Beautiful way to start my morning. #not üò£üò∑
945,1,Thank you Harding science department for only giving us 55 minutes for our final. #not
121,0,@vikramchandra @ndtv #IndiawithPakistan but it can never be other way round #irony
2753,1,"@steigerwaldino Nah, it's better we all act like the North Korean govt and police people's private thoughts. #irony"
231,0,@ozchrisrock hold on a minute. Are you saying All blonde white women look the same?? #sarcasm
847,1,Well done @tesco for making it possible to get emergency messages to a member of staff. #sarcasm
167,0,@TonyGrossi there is no way you could mean that. no track record whatsoever #sarcasm
14,0,"The whole #Misogyny thing is hanging in there with Women from the right #Not. A cat fight now ?, imagine pulling that on the left #pmlive"
9,0,@mmamania what time is the UFC press conference tomorrow with names of numerous fighters getting cut #sarcasm
192,0,"Wait...  wait...  wait...  isn't the font on that t-shirt ""comic sans?"" #irony @KingJames #ICantBreathe http://t.co/qwpv9OqGgd"
1573,1,There's nothing like almost rear-ending someone because they slam on brakes for no reason to get you alert and ready for an exam!! #not
5,0,@MaggieLindemann: . @xSamSecrets123 awk moment when I tweeted first #fakefan !!!!! #not
221,0,@SurianibteAbu if it got the attention of the smartass to comment that.. Didnt it work anyway?? #irony
2808,1,@SunderlandAFC @LFC great days there under Wilko. #not
41,0,"My dove wrapper told me to be mischievous, so if anything happens, that's my extenuating, external attribution to blame #sarcasm #psych"
65,0,Where is the #TortureReport from Showtime's Homeland? #sarcasm
135,0,@xheeners I know ... #sarcasm
58,0,"Too late, thrown the #PS4 out of the window last night cus i couldn't play #Sarcasm http://t.co/L86S0O47Aq"
241,0,@ramzaruglia @gamergater7685 Ah the 2014 #GamerGate Ebola campaign. How many people did we kill? #sarcasm
898,1,"Second day in a row that I'm late to work. Thanks, @MTA. Service definitely worth a fare hike. #sarcasm http://t.co/dqMSB5JVHG"
1750,1,"'Liberated' Iraq -- 2014 One of Bloodiest Years with More than 36,000 Victims: http://t.co/GCW05uriIT Thank you, Western liberators #sarcasm"
2946,1,"The sooner I find that out, the sooner I can go and have the lovely conversation with HR as I've yet to tell work #lookingforwardtothat #not"
179,0,@EddieHearn @EddieHearn Khan is doing to Brook what Mayweather is doing to Khan. Making poor excuses to avoid the big fight #Irony
160,0,Can I ask why we didn't hv GEJ n PDP trending yesterday night #sarcasm http://t.co/0oVx1ttwON
1098,1,Lol my timehop guy though. #irony http://t.co/OdljZGV4VM
88,0,Bush Govt to be prosecuted under Geneva Convention for torture after CIA methods & VP admission exposed. http://t.co/SV4j6clfUB #NOT
2011,1,Being awake since 3AM is always so much fun #sarcasm
300,1,@AstroDWJust I was only clarifying for my LEGION of other followers. #sarcasm #NotForTheIntellectuals #DrHandsomeDennis
1485,1,girls put so much effort in dressing nice for school..I'm over here in my oversized sweats and vans #maybetomorrow #not
198,0,"If I carried on the way half the men do on here, I'd be getting called a crank (amongst other things) and be asked if I had #PMT... #IronyüíÖ"
82,0,Coin ! WatcherOnAWall: Anyone else find it sad that we have to remind Conservative Republicans that Torture is wrong? #TortureReport #Not...
1922,1,I think Apple should make their iCloud service and options a little more confusing. Its really getting good now. #sarcasm
164,0,I wonder what Professor Iaukea has to say about the new Disney Princess...? üòí #not
573,1,"Watching the move 'Begin Again' and the verisimilitude is overpowering, it's like I'm back in the 90s music business again.  #irony"
80,0,Can anyone tell iv been uploading items onto depop today lol #sarcasm #lotsofdepopuploaded
2099,1,"@artistandsocial @gspyrou WHAT $2 for an app, OUTRAGIOUS ;) #sarcasm"
195,0,@rrhhmmss @TimEchols1 @Penneeee I agree. You can see that from the videos and photos that were taken two hours after the shooting. #Not
1293,1,"Hehehehe ""@Trevoredgar86: @nealcol @LFC what a shame #sarcasm"""
1494,1,Today I'll lecture on CRM investments & shareholder value ... So excited .... #Not üòè I'm sleepy üò¥
2436,1,Dont we all just love those people who message you out of nowhere and act like you guys are close cus they want something from you? #sarcasm
23,0,I got tampons! #not http://t.co/lnWQtxriUZ
1319,1,Love the fact I'm sick on my birthday #not
461,1,I'm absolutely positive that Coaches love it when parents tell them how to coach and run their program. #sarcasm #NOT #sticktoparenting
2870,1,I love waking up late and sick during dead week. #thebest #not
2448,1,Me: So yall forced me to call in to keep my price the same? BH: *silence* Me: *where is google fiber* #ilovebrighthouse #sarcasm
431,1,Loving how dominant the SEC is #Pause ..... #Not
39,0,Go go Power Rangers! #f2xmasparty #sarcasm http://t.co/A8xOlFt1ub
1823,1,"Oh look, we're having another storm in Sydney.  How unusual. #not"
1775,1,Am I surprised that my coworker is not going to show up today? #NOT #Flurries
2090,1,"And it's freezing, yay! #not http://t.co/McQJBgNY1E"
2031,1,I love being on hold. Especially when the music is so great. #sarcasm
92,0,We hold these kids back..... #irony #RUT340
222,0,@ardhow @Jmroberts343Jmr @Squarehighways |Thats a twist|Algorithms to cause more congestion & increase pollution|Too bizarre to be true #not
229,0,"@Salon dualistic, as in good and evil? Right, because that doesn't apply to the real world.... #sarcasm #OrcsLive"
142,0,You're gone and I gotta stay high... #coldpants #offtomysteriousplaces #not #bye http://t.co/aOla0qD4pb
15,0,Say no more.... #bigclub #not http://t.co/ALcQQsASsY
2270,1,TNT replaying the Cavs-Knicks game...maybe the knicks will win this time #sarcasm
2400,1,Can't fck with you hoe an I'm sorry üëê #NotüòÇ
1779,1,I'm so glad I'm sick today. |#not #bullcrap
144,0,Fun at @JRfm #Basics4Babies Day @langleyevents on Sunday: Ask Travis Lulay to get his face painted like Tony The Tiger #irony #worthashot
126,0,I don't wanna hate religious people. Cos i am one of them. I'm so religious in music. #ahaa #sarcasm
130,0,@numbdave Because we all know that a house is a hermetically sealed environment! #sarcasm @askegg @SecuLawyer @star2000dancer
201,0,@SexualGif: when ur boyfriend interrupts your selfie http://t.co/kVZ8VCZ7Nu yeah happens all the time #not
2171,1,thanks for appreciating me looking out of you and caring !! #sarcasm
2064,1,Hangovers and work... #Sarcasm RT @TheChrisStuckey What is your favorite thing about Monday?
204,0,Who told the #hipsters that #irony was a thing of the Clinton years? Do they not carry history books in used bookstores in #brooklyn ?
53,0,... @NICKIMINAJ slaying in Igloo Australia's home country lol #Irony RT > @MalikZMinaj: Nicki is SLAYING New Zealand! http://t.co/5oIm9uZNQr
56,0,"Lifes like a bird, its pretty cute until it craps on your head. #Gharwapsi #72HoursOfCrazy #PowerOfFive #lol #sarcasm #AntiConversionLaw"
73,0,Human brains disappear every day. Some of them have never even appeared.. ||http://t.co/Fb0Aq5Frqs||#brain #humanbrain #sarcasm
555,1,haven't talked to you in days. that's cool I guess. #not
70,0,The moral police & vigilante's are very quiet with every #rape. I suppose it is Indian culture then? #sarcasm #uber #DelhiRape
170,0,"@heidimoore @DonnaAlward @jennabb I'm trying to decide if that cover says ""lonely widower' or not. #not"
248,0,@TSTG11 @Shweta_97 @AparnaRam_ same here. Tryin to link d convos bt another tweet cums up. #Sarcasm is the only wrd repeated.üòÇüòÇüòÇüòÇüòÇ
119,0,"#irony ""@LabourEoin Few politicians get importance of Patient Dignity &  right to die http://t.co/adKIDKNpID"""
132,0,"@HadleyFreeman it could have happened to anyone. Your time will come, critics. Oops, apologies. A typical #irony -loving #Brit."
157,0,@kwelch31 Really? #Sarcasm
54,1,"Kevin Durant with 23pts on 8-13 shooting, has this nigga been inefficient since he came. #sarcasm"
69,0,An answer to the one who criticize #feminism http://t.co/sYtcFcGcRq #Uglygirlsclub #sarcasm #fourthwave
1156,1,I should of just made a canvas of coffee stains and be done with it. #art #not
211,0,@GlobalGrind Niagra Falls tho... Really? #irony #LOL
136,0,@thunderroadvint try having no internet for a month. Now I know how Ethiopians feel. #sarcasm
203,0,@CorporalFrisk Guess they didn't get the memo reg non-nuclear Baltic sea #sarcasm
3084,1,"Thanks for the dick pic, really, thanks. #Sarcasm"
1051,1,"So, Matt and Natasha are having sex. #WhatASuprise #sarcasm #WhatElseIsNew"
140,0,Pre work shenanigans lmbo alissamarie_b #letswork #not #kiddingnotkidding #funtimes #sheseriouslyrocks http://t.co/wht23Idawu
113,0,@Sahelanth @QuerierNew @hudds1 because as long as she's a victim she'll have white knights trying to save that damsel in distress. #irony
263,0,@JoshuaSinghAIW that bump off the apron looked like it hurt.. was that padding u landed on? #sarcasm
127,0,"There's millions of autobot & troll accounts on Twitter that post dumb sh*t for RT's, then people call them stupid & naive.||#Irony"
1552,1,@RyanSeacrest you could probably just call or text her that information. #allcelebritiesarefriends  #sarcasm
93,0,@OpineJ There's no personal responsibility anymore. You can't expect anyone to think. #sarcasm
120,0,@torrentfreak We should monitor them... #sarcasm
94,0,Will put corporate racism and sexism back where it belongs: Face-to-face #sarcasm @RachelFeintzeig: Execs think twice http://t.co/6V5d24NgS5
114,0,Coin ! LeCoinCanard: Coin ! LeCoinCanard: Coin ! LeCoinCanard: Coin ! deanbcfc: WasAlRahman this is a question I ask myself everyday #Not...
140,1,"Appreciate @Raheelk that he has spared suspending our accounts, only blocked us. #sarcasm"
2018,1,So despite the fact that I was up till 4 studying and had to wake up at 7 I think this day is going to be great üòí #sarcasm
87,0,Husband coming home early? #mongkok #kowloon #hongkong #dongiotravels #irony #50thfloor ... http://t.co/vvAWP30vua http://t.co/qdEScaifSk
2070,1,"@DianeKingShow looking great today Diane, it's not fair you're not on more. #not enough Diane"
1884,1,Hit Them Angles And Duck Face To Hide Those Wrinkles ; ) #ThatsABossBitchRightThere . . . #NOT!!
57,0,"@karanjohar yep, that's what they say.|#irony"
259,0,Trying to eat crackers on the quiet floor likeee.. Maybe if I chew slower no one will notice..#not
1039,1,final labs coursework submitted!! now to treat myself by catching up with the whole semester's lectures #winning #not
2536,1,Nothing says nature like the relentless sound of AM commuter traffic #fthunter #AMdogfun #not@allpeaceful
262,0,Coin ! LeCoinCanard: Coin ! LeCoinCanard: Coin ! have a wank over this hashtag: Fazzanelli: JeffRoylat have a wank over this hashtag #Not...
32,0,Why YES! Of course I use #sarcasm a lot in my day....because violence is illegal.
2525,1,Thanks Mother nature.. You didn't give us as snow day and now my twitter is filled with people complaining #irony
216,0,#obama @DemocratWire announce special urgent package for #Pakistan .. supported by @GOP to enhance their fight against obscurantists. #NOT
161,0,@ttwentyman He's just trying to drive Suh's price up. #sarcasm
84,0,@BIGJOEONTHEGO #ThingsBetterThanTitansJags napalm hotwings #bigjoefavorite #sarcasm love the show #keep it real
2482,1,"@slavetothemic thanks for sharing Mike, your opinion means a lot to us. #sarcasm #orisit?"
180,0,@rikkiblack69 @SirTomhunter @MarieMacklin @RoyalAwesome asked back to be models next month #not
2301,1,Roman mythology gets me soooo pumped #not
1230,1,"@Expherience  haha or are a chainsaw murder, or a corrupt fortune 500 ceo, or a rapist, w.e makes you happy. #not #hebetripping"
2973,1,This is a great time for me not to be feeling well... #not üòí
187,0,"@nostromonavis @RamziNasir @StanleyCohenLaw You are kidding, right? #irony #poortaste"
232,0,clashupdate #not http://t.co/1bFOsIwnI5
1934,1,"@icequeenerika yes, we officially try that. #sarcasm #Gamergate"
181,0,My vision looks like this =  just let me enjoy my first winter outside through a peep hole #sarcasm #growingwinter http://t.co/BiMXhC7WhB
100,0,*gasp* The girls are at a rehearsal studio today? You don't say... Hmmm wonder what on earth for? üê∏‚òïÔ∏è #sarcasm #MTVStars Little Mix
1481,1,"@YodelOnline Hi! I have just received a photo of my dear parcel from China, amazing he is travelling around the world!! #irony"
1290,1,@jordyn_eaton wants me to get hit by a bus so she can get a 4.0 #bestroomieaward #not
112,0,@myrakhan you won't get a source other than ISPR :| #Irony
42,0,@KimBhasin @HuffingtonPost So is he banded from wearing the clothes? #irony #Karma
89,0,The BOLD BAKERY by Sarah-Brockett #bakery #sarcasm http://t.co/zl5zxAD62Z
30,0,"That's me, the infamous pepper shaker replacer. #sarcasm"
139,0,"@sirmlivesey :-) Go for it. 20th Century Fox copied me and did 21st Century Fox, after all ... #irony, I hasten to add *very* unlitigiously!"
2864,1,I'm getting excited about Mexico now. #sarcasm
184,0,On a small diet #not http://t.co/UsLZOgYmEx
423,1,Being used is such a great feeling...#not
4,0,Such #irony.   You still have to #praisehim ;)
131,0,"Irony died 1000 times during the climax of Sholay, when the police urged Thakur not to take the law into his HANDS. #Irony #Bollywood"
254,0,@ParasiteCoD maybe you should grind the gym man #not #calling #you #fat
259,1,It's gonna be a great day üòÉ #not
1868,1,so it's claimed that 99% of all russian athletes take performance enhancing drugs. there is a surprise #not
2144,1,No one up? Okay cool #not
1017,1,"The UofL student ticket policy is such a well thought out plan, good job SGA. #sarcasm #ihateyou"
36,0,"Heh, and fat, too. #ShotsFired #Irony"
3045,1,Flooded basements are always a fun thing to deal with #Sarcasm
2628,1,Being able to think your self angry is such a nice gift to have... #Not #ItsACurse
2660,1,@haleymae21 Ha! I don't have haters. Just a few misguided souls who thought my mentions were a bulletin board for their issues. ;) #Not
1806,1,I love waking up out of a dead sleep to two firetrucks blaring past my window #not üò¥üöíüöë
122,0,"@hirefrank @MTA OMG want one, but I have EasyPay Express. This would mean I would only use it to ride PATH. #irony"
260,0,@GMA make sure you don't say Christmas!! The decorate for the holiday. #sarcasm #itisachristmastree
255,0,@KaylaBattaglia thanks I thought it was tomorrow #not #iknow #notthepoint
60,0,"@georgeely22 Because your ""sarcastic""? #Sarcastic #Sarcasm"
2704,1,Dissecting a rat first period is a great start to the day #not üêÅ
148,0,#NBA players #NY support protests of #police killings/sure #money donations for #college WB coming #sarcasm  http://t.co/WothDOXXeM
2939,1,"@outsilver87 @LasVegasCapper Ya, because if history has told us anything, it's that betting on sports is a GREAT way to make money! #sarcasm"
54,0,@Espngreeny Aren't humans the ones who are playing the sport? #irony
408,1,@PeteKopite the lineup is full of goals and offensive intention #LFC #sarcasm
76,0,"#Corpsman wisdom: I had a head cold, so I took my own advice - Motrin, hydrated and changed my socks. Cold eliminated #sarcasm #navy"
83,0,Funny your the broken one now Im the only one who needed saving.|#irony
154,0,Who would've imagined that #jakeplummer smokes weed regularly?? #sarcasm #outsidethelines
206,0,"If you wanna look like a badass, have drama on social media #not"
1123,1,Thanks bus. Thanks for telling me where I am. So helpful. #not #sarcasm
2640,1,Aaaaaand now I've found out that Chrome slows down downloads when the screen saver activates. Just makes me love it more #sarcasm
51,0,"@NBCSportsRoc: Arizona Coyotes forge deal with BMW http://t.co/s7ZhDHk5li But, relocation!!! #Sarcasm"
416,1,@mrjohner @cebsilver We can vote Republican! Their Civil rights record and their ability to empathize is amazing. #sarcasm.
205,0,@LukeLPearson hmm... let me think about that #sarcasm
45,0,The city that only sleeps on mass transit. #naptime #irony #isntitironic #donchathink #imnotsure... http://t.co/yKcxmW5dVX
109,0,"If loose lips sink ships, then loose tweets sink fleets. #irony? (@ NASNI Theatre in Coronado, CA) https://t.co/dvFfrwO74Q"
153,0,Sorry this doesn't make any sense why make it even more tough? That's going to produce more players.. #sarcasm http://t.co/rjRLAQHwyd
11,0,"Contemplating responding to @charliejnwalker's tweet saying ""what remains of their pride"" but not sure how well that will go down #sarcasm"
794,1,My finger is so ducking attractive without my bandage tbh!!! #sarcasm
2989,1,"Well, weekend is over!|Now it's #TwitterTime again :D|Have a nice monday!|#irony"
194,0,@muayguyblog @EFCworldwide what???? No verbal submission? #sarcasm
189,0,"I checked twitter and snapchat but I can't tell what day it is, someone please help  üòú|#sarcasm"
1794,1,"@RichardCarter Thanks, that'll help loads #not"
559,1,@TheoCorleone @david_maclellan Shit! I better shut my stupid girly mouth because im so concerned about what men might think of me. #Not
2665,1,"Thanks @AirAsia, for nothing. All my family were flying with you from KL to attend my wedding. #everyonecanfly #not #AdelaideRouteCancelled"
2764,1,Love the fact that I turned off my alarm this morning and slept till so freaking late #not
2787,1,My current Christmas song obsession. Played it non-stop all weekend #Irony http://t.co/rLI4hTUXnv via @YouTube
111,0,Small amount of lads with birds nests' for hair cuts #sarcasm #ha #3allover
253,0,@charleswhite816 @DelbartonHockey I will let @bshatel know - I'm sure he is shaking/quaking in his boots. #not
884,1,Lol boy i just wanted a fuck not a relationship #not trying to sound like a hoe.
125,0,@Shadoya_osman and he can't find himself a pair that would fit #irony üôàüôäüôäüòÇ
208,0,Decide that you want it more than you are afraid of it. -Bill Cosby|#irony
158,0,@the_mullinator @JumaaneWilliams I'm sure it's largely ignored in practice. In NY you can't do any govt work if you have convicts #irony
37,0,They bombarded out country #irony #immigration @BBCr4today
98,0,"@GIBiz @MonsieurHutt Porn!? Where where?? Move that naked woman, I can't see where the porn is!|#sarcasm #games"
218,0,Watching Alison Jackson's portfolio of work #eurobest2014 seems she's cracked it. Celebrity + stunt = #viral #sarcasm
145,0,@peteswildlife Great. Does that mean he's also giving up hunting and killing wildlife in Europe? #irony
166,0,How in the world will I start my day once Kaitlyn gets tired of #Frozen?  #sarcasm #Idontwanttobuildasnowman #mommyproblems #mommylife
52,0,She did two marijuanas and look what happened. Don't #LegalizeIt. #Merica (#Sarcasm) http://t.co/oHxBNeKEqT
2768,1,WAIT the GA I have a crush on and emailed me and told me it was great to have me in class üòç‚ù§üòò he totally loves me #not
2527,1,@DylanBraddy @chels_2325 real tough to whoop dungeys ass #not
1047,1,.@nypost .@Cameron_Gray Oh that makes it all better!!! #not
1877,1,@JenWilliamsMEN @PolicyGMCVO he captures the spirit of devolution so well #not
33,0,Wheres the rodgers in brigade #sarcasm
219,0,@TheStarPhoenix #spnews #yxe I hope you weren't driving when you took that picture. #irony
1574,1,36 hours no food no drink going strong #not #givemeabrew üôèüò≠‚òï
116,0,Jesus. I am watching too much #TheNewsroom... Look at me getting all #SonyHack sermonising... #irony
3090,1,Christmas shopping on 2hrs sleep is going to be fun!!!!! #Not
29,0,"@mmsevents: #OneloveFestival Sat 20 Dec. Table bookings: R800 includes 1 bottle, 12 mixers... Uh-oh I smell so much #IRONY it's lovely!"
79,1,@joshtiffers this is my new fave thing on facebook #irony #sexpest http://t.co/OpIVUx5Qxh
212,0,"If we win against Poland and Scotland, does that put us 65th in the world rankings. @YouBoysInGreen @FAIreland #Sarcasm"
867,1,So excited for the Christmas party with the snobby side of my fammm #not
2457,1,Like u go to Williamsville east ur parents hand u money but ur so much better than everyone else hahaha #not
305,1,"@Cyclocosm Hey, he DOES have the word ""ban"" on his home page like two or three times though. #AcknowledgementIsFirstStep #Sarcasm"
1042,1,Yet another out of a million doctor visits tomorrow...so.stoked. #not
163,0,@darrenrovell Is Jameis Winston getting paid for this photo or is #5 coincidence? #sarcasm
81,0,Girls who dip>>> #sarcasm
151,0,I always can't wait to see how #sarcasm works. #IfYouKnowWhatIMean
3023,1,Love it when you can see people have read you facebook private message but they just don't reply #sarcasm
79,0,@NovusOrdoWatch He was caught attending...*gasp* a Latin Mass. #sarcasm
102,0,"@JoeUnseen @NBAtheist |""Colored?"" |Don't they prefer ""negro"" now?|#sarcasm"
2177,1,My future? I still enjoy it (playing football) too much and I play with passion -Totti......oh no the team is doomed..... #asroma #sarcasm
169,0,#MuslimApologies ‚Äì 10 Tweets that Explain What Muslims Should be Sorry for! http://t.co/wvPzLblVGL #Sarcasm
238,0,it's International Human Rights Day #irony
73,1,"@LouisFarrakhan How do you propose to determine ""sides""? I have both black and white family members. #racewar #irony #LoveNotWar"
110,0,. which is why i've visited #pakistan as many times as i have .. sez @BarackObama #NOT
49,0,IT'S DEFINITELY NOT FRIDAY. THE REASON IS: It's Tuesday~! Yesterday it was Monday so why should it be Friday. #Irony
2016,1,"Love the way @virginmedia says fault from last night will be fixed by 4pm, only to see a man in a van pull up at 4pm to fix the fault #irony"
66,0,"Jesus, Mary and Joseph. How sad to go through life suffering from #irony deficiency"
1405,1,.@CelticOwlWisdom Alert the media! Some guy on twitter has un-cited proof that evolution is wrong! Let's get his Nobel prize ready! #sarcasm
237,0,"Blue skies, warm air, and the royal accommodation! #WhatMoreDoesOneNeed #Education? #Not... http://t.co/mEtHUIaAtR http://t.co/CsW0rfhGZZ"
366,1,@Pallekenl 1/5th. Just like in the real world! #sarcasm
563,1,@sickill buuuut fast iteration and prototyping to production-ready code! #sarcasm
1124,1,I love working for an hour and not getting paid for it #not
6,0,@MaggieWinter21 your last retweet though #irony
1624,1,"Dear Manila, I'm with your traffic twin - Bangkok! yahooo #not @ Sirat Express way http://t.co/qdVpu9wZEc"
223,0,@GaryLineker trust me it will be out of form Scandinavian reef again to. @ChampionsLeague do love @MCFC I seeüòíüôà #irony #FCBarcelona #mcfc
37,1,yet another rainy goshen concert night‚òîüéª #surprised #NOT
128,0,Taking Over the mansion with the Mexicans #Not@MikeyGlander
1224,1,@GlasgowCC doing a great job...  #NOT What do I pay my extortionate council taxes for? #Disgrace #OngoingProblem http://t.co/FQZUUwKSoN
2215,1,"Someone took my lucky hat today, yay, isn't that fun... #sarcasm #IhopeIGetItBack"
45,1,"@greateranglia really well done. Another short formation, so I get to stand for the 3rd day in a row from Kel to LLS 7:18. Thanks #sarcasm"
64,0,Why is ISIS an acronym for words in English? #irony
108,0,"My grandma gulping her hot coco loudly and my mom goes: ""you gulping over there?"" My grandma: ""no I'm queefing"" #sarcasm #HAHA"
891,1,Well today has just started off great. #not
1007,1,Just snap chatting my sister a few times.. #shelovesitwhenIsendthatmany #not http://t.co/x1b1DppHFx
405,1,@dukeblueplanet @CoachKaman The number 2 play was awesome. #sarcasm
251,0,"Few #relations are by #chance, few are by #choice and few are by #Facebook!! #irony"
2654,1,14 units next semester plus work yes so excited for that!!! #sarcasm
193,0,@louiseinwords We all have our crosses to bear. LOL #sarcasm
191,0,"juugin everything, niggas got warrants to pay #irony"
31,0,just dropped my new single||it's me||i'm single #sarcasm
1323,1,I'm fricken peachy today!! #Not
168,0,#Fact: #StarTrek adult onesie meets clothing requirements 4 Walmart employee. Just put on yr vest & a smile. #irony http://t.co/2RhG2iJjNB
227,0,"Isn't this blaming the victim? #sarcasm RT @chronicle Every year, 600K college students are injured while drunk. http://t.co/guuGP49ZZD"
742,1,Up all night took 4 hour nap I'm ready for work #Not
247,0,Did you know iOS 8 features custom keyboards? #sarcasm http://t.co/JhuwHjleiu
159,0,@sunlorrie @ctv ??? #Liberal used in same sentence?? Unheard of!! Turn in your keyboard sir! #sarcasm
240,0,"Is there a ""like"" tab on me? I'm not a facebook status to be liked by people... #sarcasm #RudeButTrue"
234,0,@grimmers skiing in Regents Park much #not
185,0,@Irrational_Fan: I can't stand watching a #UKvsLOU game with a Louisville fan! They're as bad as Steelers fans. #BBN @DonnieDruin #Irony
123,0,"@JohnCena @VinceMcMahon @steveaustinBSR hope you have more ambition john, cause no one else seems too. #sarcasm"
239,0,It's snowing in Chicago #whitechristmas #not
1921,1,"@RealFrnkPhister Even though @PGA_JohnDaly's got more ex-wives than @PGATour majors, I'm happy for that washed-up mess... #Not!! #Blocked"
2542,1,I'm happy with the two hours of sleep I got last night #not üò©
819,1,So if three geeks can bring down the whole of Microsoft and Sony networks..my annual firewall subscription is worth every penny!||#not
2262,1,Oh how I love this #not http://t.co/UWqFZJdlkv
40,0,@raeraeduke #sarcasm your application is already filled up waiting for you to turn 21
1786,1,"But not a grocery store or pharmacy. Sensible. #sarcasm ""@GRPress: Offices or apartments? owners of Monroe Avenue factory ponder options"""
150,0,@davidvitty to watch re blues? Chelsea's of course #sarcasm
124,0,@blushinggs: don't let fuckboys get in the way of you being happy never have AND never will. Lmao #irony #DontBelieveMeJustWatch
175,1,"Sad I don't have a Christmas jumper, thanks @Missguided for your super fast delivery üëç #NOT"
2627,1,Fav part abt Xmas day..getting merry Xmas tweets from ppl who NEVER talk to me #kys #idontcare #sarcasm
91,0,@MU_Foundation @ManUtd Nice to see @LukeShaw3 taking the time to visit a poorly fan (in hospital Phil Jones)  #Sarcasm #Alwaysinjured #MUFC
1965,1,buzzing for school on monday.. #not
117,0,When that bish defollows you #sarcasm #disney #belle #MoreFollowersPlease http://t.co/i549jbbPLK
137,0,"Being publicly called a ""heartless arsehole"" for going about my day as usual. #irony"
2308,1,JFK BAGGAGE IDIOTS ACCUSED OF STEALING SHIT RIGHT OUTA YOUR LUGGAGE!|SHOCKED?|UMMMM SO #NOT|THEY HIRE MORONS!|PUT THE ARMY IN THERE!
1755,1,@CCriadoPerez The person who wrote that is clearly a bit of a tit #irony
2569,1,Well the week is off to a great start. #sarcasm #fml
188,0,"Dear #USPS, if it has this address, it comes here. No matter the name. If there's a mistake, we'll fix it. #ThanksForTheAnnoyingNote #Not"
2244,1,There's nothing more intimidating than having to serve an chavvy lanky 19 year old with acne and bum fluff. #not #cringe
2630,1,"Secret Santa for one of my er...""hotter"" #not work colleagues.. http://t.co/Ellk2A0pfh"
47,0,"i need to start going to bed earlier...smh, goodnight everyone, or should i say goodmorning haha #morning #not... http://t.co/cGCD326NWF"
98,1,"Committed to you, your privacy and an open Web|Please turn on JavaScript to display this page correctly. ||Firefox homepage #irony"
2603,1,"Nothing like waking up to 50+ financial formulas! Yay, for corporate finance comprehensive finals! #NOT #finalsweek"
261,0,Watching VT and Cincy - qb for VT with (GODS) down left arm (GIFT) down right arm. - #irony #howmanygods #punctuationmatters
2035,1,Really looked forward to waking up this early for finals...... #Not
21,0,"@maxsnape1 who you calling bottle job I'll take teeth. Yeah I'm game mate, at training tonight too, I'll remember your hat #not"
55,0,"K should give us a famous bf, some fan need an entertainment apparently #irony"
3012,1,Morning cry session with my roomie. Today's going to be a great day. #Sarcasm
34,0,suddenly w-wada #not http://t.co/lwdLPpuDSj
44,0,"Um, really @RollingStone? #irony #nothanks #UVA http://t.co/8ARdG99p8L"
1582,1,Great way to start of the day #not
231,1,"@Ike58Reese I know, but in the big spot (the only time I've watched him) he choked! Haha! Must mean he sucks, right? #Sarcasm"
18,0,#Irony dead? Why is this stupidest of memes still perpetuated?
3018,1,@TheWarRoom_Tom I am sure this has made your day. LoL #irony
250,0,This team would finish fourth. #Irony #Arsenal #Afc
155,0,Stop being the fan. And be the person blowing minds. #irony
1800,1,@nypost I should sue my parents #not
200,0,@Slate can you please book one of these appointments for me and tell me what happens? #irony http://t.co/ZrilqmGIoP
2812,1,Planning a vacation instead of studying.... My priorities are in line. #NOT
25,0,"@firstpostin At the same length, we should not forget about the fundamental communal sanghi Hindu fanatic RSS in our backyard. #Sarcasm"
104,0,"@whittmj1128 @Johnubacon @SamWebb77 this is true, the Patriots, Packers, or Broncos could suddenly need a new coach #sarcasm #itshappening"
103,0,"BJP-CONGRESS nt disclosing detail of 3600 cr. donation received,still Media/Bhakts questioning AAP #irony #MufflerMan http://t.co/eMUWoK00Tl"
61,0,@TheStalwart @M_C_Klein @matt_levine @reihan @charlescwcooke and what about the blacks you guys they don't know what to do with money #Irony
3056,1,Loooovvveeeeeee when my phone gets wiped -.- #not
757,1,@NewDay: .@JebBush considering a run for the @WhiteHouse: http://t.co/nq5JO2ZrQ6 #5Things http://t.co/HC74bNlZuT <shocking> <#not>
147,0,Well that's me living till I'm 200yrs old!!! #sarci #sarcasm #sarcastic #wit #low #constant http://t.co/8NzMFso9Do
244,0,Wash hands with water? MOH is rubbing this on everyone's face? #irony http://t.co/sPgfZZIqLO
156,0,Just received an email that I am the heir to the Nigerian Petroleum Corporation. I should immediately send them all my bank info. #sarcasm
2930,1,@twitterlessTROD has the best pickup lines #not
134,0,@AskPlayStation Have you guys tried unplugging the servers waiting 10 seconds and plugging them back in? #sarcasm #psndown
1408,1,@ForexEric @HeidiL_RN @unsavoryagents YES! Vote for SATAN (@HillaryClinton) in 2016!!!! #NOT
13,0,Did you know ? If you are reading this right now you are not blind...lol. #sarcasm
2027,1,Beautiful day #sarcasm
143,0,@IkeMagnifico Funny thing is now she's a security guard at Fed Ex in LA where I pick up all the time. #Irony
214,0,"Well now the festive season has begun, let's take a moment to reflect on how much more royalties Slade and Wizard will get #sarcasm"
182,0,"Spiky popularity of the name ""Spike"" in the U.S. RT @randal_olson Baby name #irony. #dataviz Source: http://t.co/WAm4OzLfWo"
604,1,Absolutely love being harassed by a group of twatty adolescents on a late night shop #Not
50,0,@Defothedinosaur get around them #not
760,1,#Sarcasm :-|Gifted by the God|Improved with Skills| #KarmicThought #WiseWord
179,1,@deWaardSara You can afford stocks? Teachers make SO MUCH money it's crazy! #sarcasm
1752,1,Last day of sewing selfie! #fashionmajor #rough #sewing #weresogood #not @_erikarose http://t.co/YmThYUCcjd
1622,1,Throwing up is exactly what I want to be doing at 7:30am... üò∑üò∑üò∑ #not
1611,1,Someone needs to stop me before I kill someone üò° love waking up in the worst fcking mood #Not
1087,1,Feeling like crap. And being treated horribly too. It's a great day. #sarcasm #iwanttogohome
8,1,Oracle on Windows 2000. This should be fun! #Not
381,1,"Murdered baby, black man in US, kids in Thailand and a woman's body in Avon gorge. It's a jolly day for news today #sarcasm"
2916,1,Watching creepy shit before bed when alone = bad idea. Is there a spell to turn a French bulldog into a big ass bulldog? #bewareofdog #not
783,1,"so @AskPlayStation still waiting, my son is very happy enjoing his christmas gift #NOT... i cant understand how u didn't prevent this ..."
173,0,"If there was no #CFBPlayoff this year, would there really be an argument against #ALAvsOre for a #NationalChampionship? Shouldn't be. #irony"
1982,1,@veebex haha cannot wait for monday #sarcasm at it's best.. cheers
1413,1,love is bliss... #not
10,0,@LifeCheating doesn't lucky and fortunate mean the same thing?  #irony
356,1,@dannyV916 @bagmansgirl Yes. I want to honor someone who died so I'll go steal a TV and Xbox and whatever else I feel entitled to #sarcasm
2780,1,glad to just find out we had a quiz due yesterday and I didn't even know thanks for the notification blackboard #not
1589,1,Oh this will end well. #not RT @JonathanCohn: Military-Style Tech Finds Way Into School District Safety Measures http://t.co/uGFWTCZlVK
228,0,"While we applauded ourselves on getting to the Moon, Carl Sagan spoke a truth we all denied.|#irony http://t.co/AY20dRme0L"
267,1,True #Not http://t.co/38hrutRf0r
256,0,@mfouesneau It's so the speaker remembers their talk's over. Otherwise how would they know? #sarcasm
284,1,"Oh, thank GOD - our entire office email system is down... the day of a big event. Santa, you know JUST what to get me for xmas. #sarcasm"
138,0,"@NeezmhaNeez Technically, we aint muzlamics until we believe in a guy lost in a cellar as our saviour. |#irony|#TrueStoryFam"
2834,1,Ppl keep snapping me and I can't snap back because I'm looking too good rn #sarcasm
1939,1,So ill. It actually hurts to breathe. Still that nice long walk to the station did me the world of good #not
233,0,"@SteveMcKrosky @imbalaska @DaveMyFace @Clover_Joy_ @den2114 @MeyrickHarris ""left regressives"" is that not a label #irony"
3047,1,.@tomorrowstand Yup. That's exactly how we do it #sarcasm
1844,1,I just love working Sunday's. #not http://t.co/97bcc557Pi
28,0,@RMaybo another case of away the lads #Not or to put it in song tell me why we don't do north london !! #TyneWeirSunday
2940,1,That one time I didn't feel in over my head. #sarcasm
209,0,itsfunny bc people think im quiet|but im just listening toeveryones convos|and figuring out ur weaknesses|todestroy u later in life #sarcasm
12,0,"@michelledean @AVAETC not playing out in the provinces like, oh, Mississippi. #irony"
186,0,Happens Every day. #not http://t.co/F8lrSVV79q
954,1,@KSeaboldt The pace of KCRoyals activity at the Winter Meetings is giving me vertigo! #sarcasm
1168,1,@dep_fm I think that was the joke. #irony
0,0,@yWTorres9 time to hit the books then #irony
97,0,Photo: Cheers! #vodka #mother #energy #drink #tipsy #on #one #drink #Cadbury #not #alcoholic #Friday... http://t.co/9nIao1XChp
499,1,Cc: @JohnCropp My last tweet. Wayne's World is a great movie. #NOT
184,1,"@benrhodes I bet you're gonna be outside today, its soooo warm, T-shirt and shorts weather üò≥üòè #Sarcasm #Funny"
2473,1,"Love how I came into work at 8 because Charlie said we were busy.... 3 people in 45 minutes,yeah we got this place packed Charlie. #not"
1480,1,@MericaMcFreedom @Salon Because Bill makes too much money making speeches now and he's so honest :) #sarcasm
7,1,Many of the best ideas come from having fingers too fat for your keyboard. #not #nimble #not #agile
146,0,Why does sue give bonnie anxiety and stress pills #not
2893,1,@APMarkLong but it wasn't as bad as that picture seemed to indicate.  You're still a very horrible person.  #sarcasm
1381,1,"Just a hunch here,but I think Steven Gerrard is leaving,possibly going to the MLS #sarcasm #hesnodeed"
1978,1,That moment when someone accidentally deletes everything on your phone #BestChristmasEver #sarcasm
2612,1,"@COD_WATP he offered it but he made it sure the board refused double 16m in October, all in Rangers interest #Not"
396,1,@BillPowers9  but if we all hold hands and sing Kumbaya they won't hate us! #sarcasm
217,0,".@ChrisBrett2 @/RBRNetwork1 @GaryBlackal @DiveConLFP I think it's your white skin. Or ""racist DNA"". He's a geneticist too, did ya know? #not"
174,0,Well. If it's not one thing it's another. But hey why not a like new exhaust. #pissed #sarcasm #GRRRR
382,1,Girls who put their area code in their instagram about me...so clever! #sarcasm #stupidsauce #mymomcoulddobetter
1091,1,@Katerintree obvi because every Jesuit is a heretic #sarcasm üíÅ
354,1,I love putting Flobeam mechs back together.||#not
1627,1,Nice to see Dwight yorke being his normal impartial self as usual #villalovein  #sarcasm #AstLei #lcfc
2795,1,Marvin Lewis clearly thinks very highly of Johnny Football #not #norespect @amicsta
2361,1,love being able to be comfortable in my own roomüòÉüëç #sarcasm
99,0,".Thanks to Kanye, McCartney will finally get that big break he's been waiting for. No more dumpster diving for him. #Sarcasm #caring"
529,1,So nice to have a final before the sun is even up üòä #Sarcasm
2408,1,Grown women acting like children is my favorite. #sarcasm #dramatic
62,0,@vhdawg The day one of him minions was carrying a sign saying my mother was fat was one of mine. #irony
1447,1,Well it's always a good time losing at the Bay...#sarcasm @lylestor11 @Lampi626 @bubbs11214
1694,1,My favorite dreams are the ones where you wake up covered in tears. #not
102,1,@VTUK @shaunesden @LivingQWales @RightSurveyors |Ha ha! Christmas cat looks well impressed #not
7,0,Why am I sick? *looks at other tweets* oh yeah sex... #irony #lame
737,1,the wheels on the bus are broken down broken down broken downüòäüé∂ #sarcasm #fml #omwtothemet
1287,1,Funny Annoying You Men's Tee http://t.co/bDSBZ93PCc Great for family reunions! #funny #sarcasm #tees
1809,1,Remember that one time I worked both jobs while sick and it didnt suck at all... #sarcasm #notworthit
2675,1,walking in this was fun #not http://t.co/zypW2tsnAk
199,0,Reading the Dundee United chairmanship statement tonight and you have to say what a lot of tosh..care of young players indeed #irony
230,0,It is good that very few businesses/govts in EM economies have borrowed much via dollar-denominated loans from international banks. #Sarcasm
659,1,@AskPlayStation returning my brand new ps4 thanks to your faulty security. #goodjob #not
2550,1,I love hearing people's explanations about the dating world in America in the library while I am studying #sarcasm
2711,1,"finally going to bed, definitely looking forward to waking up in 5 1/2 hours. üëç #Not"
72,0,I'm seeing more and more people using the term #GamerGate and I can't believe I'm going to say this but they're using it incorrectly #irony
731,1,Yeah so I'm on a dietüçï #not http://t.co/RfgZvzuBC5
178,0,I bet I'm the first to use that one #sarcasm
8,0,@Sidra__PTI you may also see flags of ISIS with him #Irony is this govt and ch nisar don't admit :'(
106,0,Sums up my week really #sarcasm #NursingLife #WorkingDaysAndNights http://t.co/X3vnjbiSsy
1865,1,Happy Monday! #Not Hate mondays.
1314,1,"@_kaypro @bglassify Yes, fountain jumping sounds like a great January activity. #not"
1367,1,It's so easy to focus on what's at hand when you have a million other thoughts running through your mind at the same time. #sarcasm
202,0,"People complain about my backround pic and all I feel is like ""hey don't blame me, Albert E might have spoken those words"" #sarcasm #life"
24,0,@JustinTrudeau Won't our national hockey expert at 24 Sussex Drive join you?? #Sarcasm
68,0,@bombguy95: If You Re A Chelsea Fan. Its natural To Be Sentimental.. If You re An Arsenal Fan.. Its Natural To Be Stupid||Spelling? #Irony
118,0,At http://t.co/mjC7vaiyE0 -- The sun finally decided to play #beastside #tahiti #not http://t.co/BiImkrtTn4
197,0,I'm not in enough dance practice whatsapp groups yet. #december #winter #weddingseason #sarcasm
107,0,@TheVampsband who doesn't?? #sarcasm
1437,1,Today is already shaping up to be fabulous #sarcasm
101,0,Look! It's a white Christmas after all! #Sarcasm #MinnesotaProblems http://t.co/fFGDuJxgBj
190,0,@billdossett LOOL from the guy with multiple twitter handles #irony
227,1,@CollegeGameDay fan-freakin-tastic! Can't wait #sarcasm
631,1,@Big6domino @CNN Well that's a completely well reasoned and thought out argument. You've changed my mind!!! #Ferguson #sarcasm
1540,1,Waking up with your cat attacking your hand is always delightful..... #not
224,0,What to do with that old #motherboard you have laying around. #NOT http://t.co/RjtcaMq9Gz #guitarpicks
35,0,As if i need more water in my pasture. #not
1897,1,Another day in paradise haha #not
2483,1,#TGIF oh just kidding I have 30 mins from one job to the next. love 12 hour days. #serverlife #sarcasm #nolife
149,0,I give people a break 2 say that without my supporting cast that none of my works would of made it is tosh. Did nobody get #Extras #irony
71,0,@scottishfirst @PG1888 Whilst #SLabour #BlairMcDougal #DeputyDug recon its in #MeltDown safe in #BetterTogether of course ... #Not
220,0,@manicsue: You want to see something Irish!!Of all the reasons to be closed üòÇüòÇüòÇ http://t.co/ePyGvA9pwU #irony
584,1,@ClayTravisBGID One could hope. #sarcasm
225,0,@dsobek No ... now someone will start a rumor of $ABBV pricing their HCV drug same or higher than $GILD #sarcasm
2754,1,"I love math, I'm so amped for my final like 7 hours from now. I hardly studied for it. #IBeenDoingIntegralsSinceThe5thGrade #sarcasm üòÑüòúüòÇüò£üò∞üò´üòñ"
27,0,"Where you our #ShamiWitness now? #sarcasm |""@Dannymakkisyria: The gunman is also said to be monitoring social media activity #sydneysiege"""
1072,1,Life requires one to be strong at different times. I wear my red briefs over my pants. U just need a lil lust to see 'em. #TooMuch #Sarcasm
2915,1,What a pleasant way for Minneapolis' most prestigious publication to describe its female audience. #NOT http://t.co/5Gxuq6WDJk
90,0,#Laundrymatfun#LOL#NOT#YesIsaidNOT#spincycle#youspinmeround#recordplayer#thatsmykid#80smusic#teachingth http://t.co/jhIjrzRGl9
38,0,@dohanews they can use white/maroon xmas trees :) #sarcasm
105,0,Good luck today DJ Durkin. It is NOT great to be a Florida gator. |#not |#fuckUF
2356,1,Nosebleeds in the morning are my favorite #not
2629,1,The ER sucked tonight ... Urgent Care tomorrow .... YAY #not #fml #ugh
207,0,Produce Mobile Apps #not http://t.co/3OV57ZhqcH http://t.co/wX1DbI8W9M
2949,1,"Don't you just love when you say hi to someone in the hallway and they completely ignore you? Yeah, I love that too. üòíüëä #not"
67,0,#bitch #bitchy #badass #lol #laughing #jokes #sarcastic #sarcasm #funtime #funny #fun #ecards... http://t.co/9di1xjv9uk
252,0,"I guess Paul didn't have buns, hon. #EatenAlive #not @Discovery"
1927,1,@XFINITY yay another outage in less than 8 hours. Keep up the good work! #sarcasm
2251,1,Why can't heroes be happy in DC Comics? I mean even their great flagship romance (#sarcasm ) is a Fauxmance and will bring about destruction
1735,1,"Today I'm standing at the front of Tesco wearing an Elf's hat, saying hello to customers and getting ignored. #dreamjob #not"
215,0,@RadiNabulsi Our 3 losses followed bye weeks & an FCS team. Do we get rid of those next year? #sarcasm
2990,1,Lol at the #EatenAlive show. if that's the name of the show gotta do it not quit cause the snake was hurting his arm. #goodtv #not #garbage
1595,1,i'm so funny #not
1176,1,i can always count on freshmen to make the library loud. THANKS #sarcasm
2586,1,My solo costume so far is Charcoal Grey Bottoms.... making some real progress. #not
1068,1,Is there even math cells? if there is they're not working ahhh hahaha #mathisfun #not
2904,1,Watching Christmas movies alone is like so much fun. #not
545,1,I see Toledo made a good name for itself last night #sarcasm
1887,1,Bruh. I just realized I'm wearing her shirt. The chick who dumped me. Lmfao #irony
3046,1,Library computer has frozen again #shocker #not
454,1,Shitty drivers are always fun. #not
175,0,Saying No to Them is the first way you say yes to yourself. #irony
792,1,I love it when people try to tell me that Oakland is so much easier than other schools üò° #not
2403,1,I only bought a few people gifts this year üò≥üò≥üò≥üò≥ #not http://t.co/dCNW7tTApn
1587,1,13 voice mails at work is always lovely #not
2122,1,Gym and I are gonna have a reeeaaalll nice date tomorrow. #not #imgoingtostruggle #VSFS2014
78,0,@Fleshframes plus my memory is short and I deleted all those pic you shared. Boom. #not
133,0,@ninjalikescheez did your python tweeter send that? #sarcasm
475,1,"Great, I've got a lung infection. This is fun. :/ |#sarcasm #notfun #miserable"
236,0,@DarlaMiles7 then later he snuggles up to The Royals with giddy glee #Irony
424,1,Pretty much the real deal #not #thanksmom http://t.co/IZoLRKldU4
235,0,Jeez I wish the government paid for my food. #not #EBTbitches
1539,1,"@MaddentheTwiggy: So happy I got an offer from Trinity Laban, I'd take Greenwich over Leeds any day leeds is where it's at üíÉ‚úã #NOT"
245,0,Decemberbessen #not #fail #footprint sorry.... http://t.co/wsoYa1Wu1J
2928,1,Why is paper so sharp? Someone should put a ban on paper! #sarcasm #liberalmentality
629,1,"It's hot, it's humid & you're wearing uggs. Wow. Nice style! #sarcasm"
2463,1,Love that I still have kids that still wake up early on Christmas #sarcasm #justkiddingIlovethem
2465,1,"Working super early on a Friday, when your will is weakest, is a pure treat. #not #tired #stormageddon #ArrowMidSeasonFinale"
1283,1,working a double on 2 hours of sleep here we go let's get it #not
165,0,Yet another angry #Bluehand moron blocks me after just one tweet :-p https://t.co/sdK34lzWrd #Irony
1,0,"HaHaHaHa!! #hypocrisy #Irony ""MT @Independent: Katie Hopkins calls Russell Brand a bully..........: http://t.co/DZ05xHiuwl"""
226,0,@GazzaDowns I actually think he needs to use the youngsters in this reincarnation #irony
1584,1,A chunk of my hair got stuck in the blow dryer and I had to cut it out... That's always fun.. #Not üòë
242,0,I wonder what triggered the anxiety? #sarcasm
95,0,Girl put your records on. Tell me your favorite song. #irony #inasong #myfav
258,0,@anamyid @i_contemplate_ @left_liberal effigies of jesus or allah..... when she herself hadnt kept any of d hindu gods #irony
1581,1,"@Esmerodo @MonteMcNaughton @MacLeodLisa Yes, and conventional taxis drive verrrry safely. #pfft #sarcasm"
249,0,"~I'm not closed-minded, I'm just dogmatic~ #sarcasm #contradictions"
46,0,"anw as long as there's nothing going on with the both of u rn, i can still forgive u but i cant promise to forget #sarcasm"
1788,1,102¬∞ fever. That's fun. #not
872,1,FINALLY TAKEN To the gir love #not #heartbroken 12~19~14
162,0,Just found out there are Etch A Sketch apps. #irony #oldschool #notoldschool
22,0,@amandakaschube Like I need to be reminded of BP Cup competition dates! #sarcasm
2,0,It will be impossible for me to be late if I start to dress up right now. #studing #university #lazy #sarcasm
177,0,The @PuneLUG moderation queue is flushed once every one planet Miller hour! #sarcasm
3066,1,I just love being in charge of comp music üòÄ #not
583,1,I love how when I'm stressed my body decides to react by causing me massive pain. #sarcasm
172,0,well I clearly wrote that last tweet #not
1531,1,@dawncflv @MRbelzer he's the detective!!! lol #irony #OrTypeCast
862,1,It's funny because your a fake ass bitch :) #yourAtruefriendtoher #not
610,1,Good crowd at the Independence Bowl...#sarcasm
996,1,Girls who can rock this thang~ #PrincipalSwag #Not http://t.co/5eCiip7D3j
3,0,Just delivered @DominiqueAnsel #cronuts to @BouchonBakeryRC hmmm #irony its for a customer I hope!!! http://t.co/KDx0FhVqCW
816,1,.@ThatNeilGuy Isn't it great how all those ppl have done a public mea culpa since that didn't happen? #sarcasm
115,0,We prefer to lose the derby vs #SuC and fight for Ligna trophy. #NOT
129,0,The moment you realize that what have you done in this whole year . #sarcasm
1028,1,Love working and be exhausted all the time #not
608,1,@BBCRadMac @StuartMaconie years ago in M && S in Rochdale they had 2 left shoes on sale with a ¬£5 reduction from full price! #bargain #not
938,1,Air Passenger Duty for under 12s to be abolished. AT LAST! Something to help the homeless and impoverished! #AutumnStatement #Sarcasm
213,0,The #Irony of playing this song on my way to #work |#NoMoney #PartTimeCooks blackmossptc thanks for... http://t.co/n9b7T2Xj84
2551,1,Illinois just made it illegal to film cops? I guess that's a step in the right direction. #not #wtf
77,0,Take my time because I want it all right? #Irony http://t.co/NxkFIWFs8I
2192,1,also sick names #not
85,0,"Balak to Balaam: ""Come now, curse this people for me..for I know that he whom you bless is blessed, and he whom you curse is cursed."" #irony"
1514,1,@adooley3544 is so funny rnüòÖ #not
176,0,"@araancheta Yes ara i am not, and you know that. Hahaha üôä #Irony üòÇ"
2279,1,@dudleymbc happy new year to you too!! Thanks for the reply #sarcasm
532,1,Yay yet another week with a child home from school ill! Just a hint of #Sarcasm to brighten my day.
171,0,@Wields Ill see you in the Finals #Not
2185,1,A tiring selfiee!!but yet looks #freshh :P Aftr long work!!! I love unii #Not http://t.co/zX7sqmztxe
86,0,Are they allowed to be touching each other's kneecaps like that?? #questionable #NOA #onuchapel #sarcasm
16,0,@mahobili @DrAwab What does PTI do apart from whining? #Irony #Youthiacrasy
1040,1,What a great Christmas. üòÖ #not
1558,1,You really know how to treat a girl #not
20,0,Today I don't feel like doing anything|#NOT
43,0,It seems that Erdogan sends his best regards to the EU #Sarcasm
183,0,"@NintendoAmerica wait...there's a ""New Wii U""? #Sarcasm"
96,0,@Only1Neets Probably a Nigerian. #Irony
2840,1,"@bustedcoverage  but Russell is a good christian fella, he wouldn't do that. #sarcasm"
2030,1,@JeremyCee @oldmanebro thank God for Kanye giving these unknowns some help. #irony
2415,1,"I think my friend just sent @FrankieBallard a snapchat of me drinkin water, cuz she's fun like that #sarcasm #rehydratewhenyadehydrate #brat"
2786,1,Exam na jud. Merry christmas. ||#Sarcasm|#KillUsSlowly
1849,1,Weather bomb. Weather. Bomb. ||I applaud the media's innovation in helping to sensationalise the usual autumn climate #sarcasm
657,1,I love spending five hours a night doing homework! Please assign more teachers! #not
17,0,#TortureReport trending; I wasn't aware J.K. Rowling released her new book. #sarcasm
243,0,@BarryBlackNE I don't think the Hereditary Baronet wants to encourage a something-for-nothing culture :-$ #irony
141,0,Now i officially look single. Ha the #irony
48,0,Why isn't there a playoff legend Romo? @EASPORTS_MUT #Sarcasm
59,0,"@tritternz he lost his license not long after, mwahaha #irony @PercolateNZ"
748,1,@FoulNecromancer lol how and what is a cthulhu ?? Funny autocorrect so helpful #not
