user_mention,count
@SuspendThePres,1
@AsdaServiceTeam,4
@AgainstArms,1
@ACCLiverpool,1
@gracekennardd,1
@kazzacoey,1
@UKLabour,1
@faith_hi,1
@PalmerReport,1
@PONOS_EN,3
@_Priya_R,1
@ZebrafishRock,1
@toxx_i,1
@cjafterdark,1
@benbreo,1
@BeschlossDC,1
@NicolaSturgeon,1
@KhoaVuUmn,1
@Cristiano,1
@ManUtd,1
@JOE_listings,1
@udel,1
@depop,1
@bethanyj_,1
@MATLAB,1
@AvatarOdin,1
@aubviouslynot,1
@coffeedreamer1,1
@kingssnacks,1
@kirkkorner,1
@JacobWohlReport,1
@Showmasters,1
@UKConsumerRight,1
@goldfishbabe101,1
@terryflewers,1
@lfcsonny,1
@BillCosby,1
@Ciara87C,1
@RachaelSmarty,1
@SashaHumphreys2,1
@Jennyfurfuls,1
@kittin_knittin,1
@livlawrencex,1
@micahgallen,1
@rosanna_olsen,1
@SubwayUK,1
@BBCAMERICA,1
@Chris08505199,1
@SarahrodriguesX,1
@MailOnline,1
@markbishopuk,1
@DrPragyaAgarwal,1
@NTCastleWard,1
@PeteSnodden,1
@tineyaaa,1
@realDonaldTrump,3
@alex_jantz,1
@FeeyaCruz,2
@BioMarkDarrah,1
@Bio_Warner,1
@GambleMike,1
@BenIrvo,1
@catboychika,1
@jabadgo,1
@Nibellion,1
@ShareZone5,1
@StockpickB,1
@Tesco,1
@WWFCFancast,1
@Mythical,1
@kagune_kun,1
@adorinqdwt,1
@dwtridesgnf,1
@beesmygod_,1
@taylorswift13,2
@taylornation13,1
@abhiishekkkkkk,1
@FCBGox,1
@sdeditgirl,1
@atptour,1
@WilliamShatner,1
@Corvus_Black031,1
@BellularGaming,2
@McDonaldsUK,2
@grav3yardgirl,1
@DearEvanHansen,1
@DarkenerWoW,1
@wochinimen,1
@MissPurplePixie,1
@JoelEmbiid,1
@igreen95,1
@AlexShawESPN,2
@robwishart,2
@GNev2,2
@pamparoni,3
@rolandsmartin,1
@nypost,1
@savingfilm,1
@_celia_bedelia_,1
@Apple,1
@PetsatHome,1
@sidneyg156,1
@laurabora620,1
@nicholas_vince,1
@shaunamacd0nald,1
@morganaoreilly,1
@kristenritch,2
@radiox,2
@vincent72309193,1
@Brechannell,1
@misseverywhereg,1
@africanglo,1
@AirFranceFR,1
@CallofDutyUK,1
@HouseofKibaa,1
@kibaa_hok,1
@Naughty_Dog,1
@roopabanerjee,1
@inkofreality,1
@StrangerTings1,1
@nytimes,1
@geekcubed,1
@luxkween,1
@MollyJongFast,1
@Littlelucyd,1
@sonofsama1,3
@Santandave1,2
@PFTompkins,1
@Schlippertysch1,1
@anon_opin,2
@elliekonsker,3
@GodisaGeek,1
@c_j_mcburney,1
@Joelxclusive,1
@sadgirlkali,1
@ky3onidas__,1
@OMLLJC,1
@Torialou78,1
@emmadentcoad,1
@BBCRadio4,1
@OfficialOMD,1
@Tim_Burgess,1
@LittleBigPlanet,1
@MasterChefUK,1
@moneyboxteam,1
@BoardroomBoy,1
@CalvinKlein,1
@CineBlah,1
@Hep5G,1
@jimcramer,1
@MalBlum,1
@sainsburys,1
@VertigoTeaparty,2
@waitrose,1
@babymilkaction,1
@AcademicChatter,1
@JorgeGuzmanCBS,1
@jbrylinsabres15,1
@JoeCaramagna,1
@FriedgeHNIC,1
@NWHL,1
@EASPORTSNHL,1
@LivUni_IVES,1
@ThomasCabaret84,1
@MicrobiomDigest,1
@raoult_didier,1
@32watto,1
@Pontifex,1
@luka7doncic,1
@justgiving,1
@KellyMartin_UK,1
@Morrisons,1
@TMobile_USA,1
@bobingtonus,1
@lora__,1
@dumbdotcomm,2
@AmazonUK,1
@adi_jord,1
@huddersfield,1
@natalinanoel,1
@BLACCHYNA,1
@iamcardib,1
@miakhalifa,1
@PrincessPiaMia,1
@CorinnaKopf,2
@tanamongeau,1
@HelloImLana,1
@codergirl__,1
@sashacodes,1
@ModGirlMktg,1
@MaxTayl83630497,1
@TheBabylonBee,1
@easyJet,1
@WeAre8Official,2
@bytereview,1
@DrAndrewBateman,1
@Davret1,1
@RepCori,1
@sam_a_bell,1
@AquinasGbb,1
@GeekDadGamer,1
@BoqorofCeel,1
@ray_harren,1
@tkinsonn,1
@HarryrotterDB,1
@mjborshell,1
@garygilligan,1
@BIGRXD12,1
@Alex_Olney,1
@jada_kaufman,1
@RealCandaceO,1
@Eagles,1
@Mike_Fabricant,1
@DonaldJTrumpJr,1
@Ocado,1
@stcware,2
@dailystar,1
@trpalomo,1
@MadelineMchugh_,1
@lucybrown_xx,1
@playrust,2
@richardosman,1
@GMB,2
@susannareid100,1
@piersmorgan,1
@TyRiddell,1
@zulu717,1
@Zach_Carl,1
@officialblue,1
@AriesBabe85,1
@jvn,1
@barcacentre,1
@JoeTalkShow,1
@EdwardNorton,1
@GeoffreyBrock6,1
@RevRichardColes,1
@TheEllenShow,1
@cassieecote413,1
@stockwa16053563,1
@PeterGWall,1
@michael_saylor,1
@MatthewStadlen,1
@sajidjavid,2
@samdylanfinch,1
@CityofSanDiego,1
@xNemoooo,1
@tasshx,1
@khaledhosseini,1
@brruhia,1
@IdenaNetwork,1
@PoliticalOrgy,1
@JasperSmiith,1
@LentonDNRA,1
@ShearerWest,1
@registrarism,1
@UniofNottingham,1
@CllrDaveTrimble,1
@SallyLongford,1
@CllrDavidMellen,1
@LilianGreenwood,1
@MyLWE,1
@MyNottingham,1
@AaronBastani,1
@char_gerada,1
@OwenSmith_MP,1
@BBCr4today,1
@ASOS,1
@krispykremeUK,1
@SkySportsBoxing,1
@MathigonOrg,1
@wfcouncil,1
@jesskah02,1
@ELSFinance,1
@rkwrice,1
@vera_mironov,1
@DuncanEdwards03,1
@PoliticsForAlI,1
@CCFJacksonville,1
@WOKVNews,1
@GainzyXBT,1
@DylanPetit17,1
@jaredj5,1
@celtjules66,1
@kevinabstract,2
@JohnJBrea,1
@lad_lew,1
@Ladyblueclr,1
@raerenyse,1
@samduhclam,1
@_aarava,1
@Cardiffbus,1
@achievement,1
@Azuliblancos,1
@Herring1967,1
@SkyNews,1
@TrentBridge,1
@shopDisney,1
@ZionWarrior6,1
@HeyItsEbb,1
@Sicarius_Matt,1
@adamlevine,1
@shakira,1
@NBCTheVoice,1
@miiniigun,1
@vsheltonsports,1
@traves,1
@avsmph,1
@claires,1
@CBoyForeman,1
@RaleighBikes_UK,1
@MadnessNews,1
@myhermes,1
@kidcuisine98,1
@andy_mansell72,1
@VicOtley,1
@garry_whu,1
@NiaAnts,1
@davidschneider,1
@benshapiro,1
@hollywills,1
@kmflett,1
@kashirenaii,1
@Dancruz07,1
@SunCountryAir,1
@mspairport,1
@CadburyUK,1
@TalkTalk,1
@guardianmoney,1
@MI37867601,1
@Christo66412045,1
@FIimdog,1
@UpTheVile,1
@JoPSmith25,1
@NewsForAllUK,1
@DailyMirror,1
@Mside_Softball,1
@AquinasNation,1
@MartinSLewis,1
@rits_meg,1
@freedomsenpai,1
@BBCOne,1
@grimmfest,1
@LibertyU,1
@TheWiganRunner,1
@EmpireCinemas,1
@LadyDeadlight,1
@JoJoFromJerz,1
@AmnestyUK,1
@HamleysOfficial,1
@joinerslive,1
@PrueLeith,1
@futboIjacob,1
@LFC,1
@Thiago6,1
@dyIanobrins,1
@hkatewilliams,1
@SovietWomble,1
@OfficialMonstaX,1
@SkyHelpTeam,1
@MattyWTF1,1
@loosewomen,1
@jacquelineMjos,1
@Chris_Ransom,1
@CityView1904,1
@Uzzell01,1
@BBCSport,1
@kumandgo,1
@Preston,1
@fabulucy,1
@den_jw,1
@MarkHendyHR,1
@bwin,1
@suzysophia_,1
@rickyberwick,1
@sierraboggess,1
@RSprachrohr,1
@johnredwood,1
@devisridhar,1
@tedcruz,2
@Dream,1
@Shadow_frax,1
@ZARA_Care,1
@zara,1
@acf_uk,1
@nickg67,1
@frontlinechef,1
@izzychari,1
@mikeduncan,1
@marcorubio,1
@SecDef,1
@ThePartridgePod,1
@ishkolhatkar,1
@RosieisaHolt,1
@WestHam,1
@premierleague,1
@BorisJohnson,1
@MattHancock,1
@VolphanCarol,1
@littlewhitty,1
@mysticalmanatee,1
@bbcsport,1
@OrchardMead,1
@mcfcok82,1
@UKIP,2
@Conservatives,1
@MisterMinor,1
@pgorski,1
@DanielIngolfur,1
@The_Timbrodini,1
@ViQueen55,1
@PlayStationUK,1
@DarrkIt,1
@iamspade_,1
@DetroitPistons,1
@PistonsGT,1
@stereogum,1
@ChemBros,1
@guinnmolli,1
@LASTEXITshirts,1
@HawleyMO,1
@heathoween,1
@tylerrjoseph,1
@isawitfirst,1
@jmckeever,1
@OldUnclePunch,1
@Ranboosaysstuff,1
@WalesOnline,1
@FandFclothing,1
@TheLunaCinema,1
@seetickets,2
@Moffstovoi,1
@theAJpub,1
@gpollakis,1
@SIazVest,1
@rodneyjaguars57,1
@NICKIMINAJ,1
@TheSpursExpress,1
@JBurtTelegraph,1
