tweet,label
@USER ye,0
Gosh sunderland twitter is a fun place to be tonight is n't it . One game . One game ! ! !,1
gotta love living in a country where it ' s easier to get an AR - 15 than it is to get coronavirus testing : smiling_face_with_heart-eyes : : squinting_face_with_tongue :,1
I heard somebody unironically say Daddy God in a prayer today and akslfljsd why are Christians so cringey sometimes : loudly_crying_face :,0
I love when I start choking on my water in my 8 person class,1
"The fact that people still do n't get that you need to distance , wear a mask , and generally pay attention to your hygiene this far into a pandemic gives me great confidence in the future of humanity .",1
Do n't let people walk all over you . Or breathe on you . Either one .,1
Not at all concerning that a man ' s just been round to fiddle with the boiler and now he ' s left the carbon monoxide alarm wo n't stop beeping,1
"Oh , no , totally , do n't wear a mask and cough and splutter around me . COVID ' ll be a fun little time ..",1
@USER @USER @USER @USER @USER Finally someone is speaking up for the billionaires .,1
"do n't cry because it happened , smile because it ' s over <3",1
"“ tit for tat , butter for fat , you kill my dog , i eat your cat ” is a liberian proverb for “ an eye for an eye ” . my ancestors were spittin '",1
Happy 45th birthday Chester Bennington ! We wish we could have celebrated today with you . You will always be in our hearts . #linkinparkforlife #ChesterBennington #HappyBirthday #LinkinPark #SuicidePrevention #wewillalwaysloveyou,0
I ' m in Canada so like Happy 4rth ?,1
somebody tell these birds to be quiet because they not listening to me,1
Someone should ' ve had me committed the day I decided to buy a pair of non-stretch denim jeans,1
Do n't understand the scoring on #AllStarMusicals ? How has everyone got 10s apart from Barney ? His was the best so far by quite a bit,0
I ' m defending the land I have left . Click HTTPURL to do the same . HTTPURL,0
me and my gf are on a reality tv show binge lately does anyone have any suggestions for particularly Unhinged reality shows,0
I wish I had a green thumb,0
This is my buddy @USER . He is a deep thinker . #Nashville #BaileysfantasycampTN @USER @USER HTTPURL,0
"@USER imagine your delivery being 2 hours late , and imagine calling up your service team only for them to hang up at 10pm , coincidentally the same time the office closes . But it ' s okay , my £ 3 delivery fee is being refunded though :oncoming_fist: :light_skin_tone:",0
"Yes , I am taking royalties for the phrase “ Thiccle Mistress , which I definitely just made up - thanks for asking",0
"Lucky for 2nd placed Brentford that there ' s no stand out team like Leeds this year , or they might have no chance of winning the league . #ncfc",1
Man I miss my friends :(,0
"They had 5 turnovers and we needed to capitalize on them , this whole season we said we needed touchdowns instead of field goals",0
where can I hand my notice in for mental illness ? been working at the same thing for way too long and it ' s time for a change .,1
who thinks me and sam should start a band called ' teeth at midnight ' : tooth : : crescent_moon :,1
My eldest is having a wild Friday night out . She ' s going to bingo . : face_with_tears_of_joy :,1
@USER @USER I ' ve done this to my employer too . I ' m expecting we ' ll both get the same answer,1
Amazing ! Simply amazing . Well done Sky Brown . You are an inspiration to all of us . HTTPURL,0
"The irony of being asked to write an "" immaginary "" sarcastic tweet with "" imaginary "" incorrectly spelled ...",1
Been trying to get my boyfriends attention . Let ' s see how long it takes for him to see this tweet tho .,1
If you ever wanted to know what it feels like to have dyslexia I would recommend the book House of Leaves .,1
tanning in this heat is an extreme sport,1
I ' ve seen a lot of people on local Facebook groups asking AirBnB owners if they have any availability recently . If only there was a website you could use to find out if an AirBnB was available : thinking_face :,1
love getting assignments at 6:25 pm on a Friday ! !,1
@USER Based confidence and believing in proper eye contact-pilled !,1
hot girls have tree shaped dents in their rear bumpers : red_heart :,1
Tell the liverpool players to get some beers and just sit on the grass for the full 90 mins . Let leeds score as many goals as they want . oEuropeanSuperLeague,1
"@USER @USER Let ' s listen to Dylan Petit over actually doctors , biologists and epidemiologists . : face_with_rolling_eyes :",1
"Wow , work is just so rewarding and fulfilling right now",1
"oh sure , the mic ' d up pitcher at the MLB all-star game can say “ god dammit ” but when my 13 year old softball player says it she gets a “ language warning ” : face_with_tears_of_joy :",1
Great time for sim and I to have our weekly life update ... : first_quarter_moon_face : : last_quarter_moon_face : : koala : ( closest thing to an owl ) : zzz : : zzz : : zzz : : sleeping_face :,1
Ahhh I get to listen to a cement mixer all day . Awesome .,1
Keanu reeves is killing his role in ozark season 3,1
I can't believe omicron is an anagram of no crimbo ! The government designed this covid variant just in time for christmas !,1
Love how Kingston just ripped the buckle pad off #AEWAllOut,0
@USER My neice ( 4 or 5 at the time ) * loved * playing Mario Kart 8 with her dad using the acceleration and steering assists . Before that she was mostly a spectator while he played kid-friendly games like Ape Escape .,0
it ' d be nice if missguided actually had stock for once : slightly_smiling_face : : slightly_smiling_face : : slightly_smiling_face :,1
"Really looking forward to going Christmas shopping with my anti-vax , anti-mask , global conspiracy believing sister this weekend .",1
"When someone puts on too much perfume I would say nice perfume , how long did you let it marinate ? ? ? Tt",1
"every Tom Holland movie i ' ve seen is a masterpiece , i do n't think it ' s coincidence . anyways watch Cherry on apple TV and The Devil All The Time on Netflix",0
i ' m gonna be real i voted weeks ago and i ' m lowkey sad i do n't get a sticker :d isappointed_face :,0
YouTube just gave me a gamer targeted covid vaccine ad and anyway get vaccinated gamers .,0
I entered @USER HUGE BACK TO SCHOOL GIVEAWAY to win a macbook pro & tons of other prizes ! CHECK IT OUT HERE ! HTTPURL #grav3yardgirl,0
Omg my dog just scrolled through my emails with his nose and I ' ve never seen anything CUTERRRRR : weary_face : : smiling_face_with_heart-eyes :,0
Do the people on love island not feel so awkward meeting their partners parents in a bloody bikini ? !,0
"Ok but seriously . Why did Hasting ' s go back to Carmichael and tell her ? Setting her up for the next season ? Or am I just clutching at straws ? ! Considering he was appealing too ? Surely there ' s another one , it did n't tie the ends up it asked more questions ! Thurwell was n't dead ? !",0
"If I was a wealthy Boomer and I saw a bunch of angry Millennials coming for my money , I ' d be nervous . We already killed Applebee ' s , we will kill again #EatTheRich",0
Every day Spotify insists I listen to ‘ coconut ' by Harry Nilsson but I do n't ever have the heart to skip it so the cycle continues and the algorithm becomes further entrenched,0
As if I did n't know this anyway ! I ' m an Owl according to the #BBCBodyClock quiz – what are you ? HTTPURL,1
@USER Make your husband agree to let you die first . FUN date topic for discussion,1
i want :( a corn dog :( ( so bad wtf :( ( (,0
If Nick Lachey wins TMS I will be so bitter .,0
I think France will win #Euro2016 . Predict who will flop and come out on top at HTTPURL HTTPURL,0
"Happy new month to all my Mutuals and Friends on here , wishing us all good health and more financial breakthrough this month .",0
my favorite thing about my grandparents is that they ' re so afraid to talk about me being gay that our catch up phone calls are incredibly short : heart_with_arrow :,1
happy birthday gorgeous ! have an amazing day i love you ! ! : beating_heart : : beating_heart : @USER,0
"It was bad enough when some corporate wankers took one of the trains I used to drive and made it a "" breakout area "" for their offices , but this ? This is next level HTTPURL HTTPURL",0
grimes was the vibe for this evening,0
"@USER That John Carpenter : videocassette : selection T is pure class . Yes , I ' ll take that one , please : heart_suit :",0
I hate when people rag on Arthur ' s name without knowing the meaning behind it . Arthur was named after Mikeys great great uncle who committed suicide at the age of 30 . Grandpa says he was one of the most generous men he ever knew and was a very special guy to grandpa : yellow_heart :,0
"How this is n't just Cowboy Bark listed 100000 times , I ' ll never know . Nevertheless , an A + + + thread HTTPURL",0
"Oops I watched a video about a service dog , started to cry , and now can not stop hugging my pup so I ' m just going to have to call it a day",0
I ' m gonna have a breakdown .,0
How do I stop thinking literally everything is corny ? ?,0
"just asked a patient if she ' d like to schedule for the same time next week and she said "" no , but it was nice meeting you . "" well ... fair enough : grinning_face_with_sweat :",0
"After my Holland & Barrett parcel was damaged on its way to me , I had to send probably the most middle class e-mail of my life , asking them to please resend the order ASAP as I was running out of kombucha .",0
my favorite brand of old people are the ones who work as tour guides at national parks,0
Ca n't wait to be back at uni so I can order more shoes and clothes without my mum telling me off x,1
The phrase “ the white people of black people ” was coined to explain cishet black men ' s privilege over other identities within the black community . Not to just throw around when y'all are annoyed / hateful : face_with_rolling_eyes :,0
its 3 30 am and I have decided the only redeeming quality of a male is that I can put my freezing cold toes on him and leach his warmth,1
Man I just love it when I ' m forced to pitch two games back to back bc our other pitcher did n't show up,1
2 x sand eating toddlers for sale . No previous owners . DM for details x,1
I swear this triller event is run by teenagers,1
“ it ' s hotter in the america right now and it feels fine british people are just being dramatic : face_with_rolling_eyes : ” QUICK ARE YOU SAYING THIS INSIDE UR AIR CONDITIONED HOUSE :d ouble_exclamation_mark : :d ouble_exclamation_mark : :d ouble_exclamation_mark :,1
Schadenfreude x,1
"@USER "" But it ' s a deterrent "" : face_with_rolling_eyes :",1
"cold ears ? take out one AirPod , leave it by the stove , and forget about it for 20 minutes : hugging_face :",1
"Today has been a good day , I did n't fall off a ladder , my model train show tickets came , I got mentioned on @USER , they liked my bostocks cup recommendation , and more importantly , they got my name right ! Hurrah .",0
The new intel UHD gpu is so powerful ! Think of all the atari and nes games we could run at 4k 30FPS ! Wow !,1
Really impressed at human evolution - Covid has made our bodies adapt so we breathe out our chins . Darwin would be so proud .,1
They should just put a wall around the pitch to stop the ball going out,1
Ayeee it ' s officially “ I ' m not even your girl ” season : face_with_tongue :,1
simping for guys that do n't even know you exist is a different type of heart break :p ensive_face :,0
I reckon I could have put that in the net Morelos sir,1
I never feel more empowered than when I ' m listening to ‘ this is me ' from camp rock,1
"Your family just escaped war , bloodshed , and devastation . #Trump ' s bigotry sent you back to face persecution . #US HTTPURL",0
@USER fashion souls ! fashion souls ! fashion souls at lunch !,0
"The first paper @USER and I accepted as part of our special issue on intergroup conflict @USER is now online ! Check it out at HTTPURL and kudos Sam Whitt , @USER and @USER !",0
"Grealish is just good . You hate to admit it , but damn .",0
It ' s frustrating that the moment in my scientific career where I have the MOST discoveries & insights to share is also the time when I can't attend conferences ... I can't afford the costs now that I ' ve graduated ! Anyone else feel the same ? #AcademicTwitter @USER,0
i would kill a man for a forehead kiss rn,1
whenever i see someone put in a bath bomb on their story i just think of that scene from the goblet of fire,0
"#DominicCummings Sack him . Or better yet , charge him .",0
Just wanna exaggerate that I would die for David Attenborough,0
@USER how can you allow someone to be without internet for three days in 2019 ? Told I have to wait 72 hours so managers can check if other customers are effected before resolving the issue @USER,0
"Day 2348 in lockdown . Never in my life did I think I would utter the words "" I ' ve disinfected the chocolate "" . #coronalockdownuk",1
Brother ' s off on a night out and I ' ve gone to bed cos I feel exhausted and sick ... excellent :thumbs_up: :light_skin_tone:,1
How I flirt with boys Boy : “ Hey I saw you from across the room and had to come over ” Me : “ Wow you ' re super observant . Do you have 20/20 vision ? ”,1
cant wait to dance with harry styles and the delta variant at their concert in november ! !,1
@USER Defrost the freezer with the cast of Hollyoaks . Any of them that wanted an extra fun trip could pop to the recycling centre with some empty pesto jars . Magic .,1
RIP spider man : skull : HTTPURL,0
"Fav this and I wo n't send you a name of a random person , I ' ll just get a fav on my tweet",1
@USER Bringing together 2 of the best things in life : tea and The Maccabees - Young Lyons,0
i almost forgot to tweet about jason bateman today,0
ima get up early tomorrow and make some tea and sit on the patio oh how I love to imagine things im never gonna do,1
Rubbing my tears into my face is part of my skincare routine lol,1
"It ' s my last full week of working from home :p ersevering_face : Now it ' s almost here , I do n't think I ' m ready to go back to the office",0
@USER Mr Shatner whilst you were sleeping you asked me to join Facebook messenger and then after a polite conversation you then offered me gold necklaces and a singed ( sic ) tee-shirt - you made my Friday night sir ... just awaiting your instructions so I can wire the money ...,1
"sorry to the proctor for my chem exam last week that saw me cry for 20 mins . do n't worry , I changed my major :love-you_gesture: :medium-light_skin_tone: : grimacing_face :",0
We get it ESPN . Sawx and Yanks . Let ' s go meteor .,1
Hey does anyone know of any organizations that have massive stockpiles of money that could be super useful to the world during a public crisis ? ? ?,1
"Aye these vaccines are dangerous to your health like . But see the charlie that you put up your nose at weekends , totally fine .",1
@USER thx for the play by play,1
"@USER Unemployed and lazy that Messi guy : face_with_tears_of_joy : ( I ' m being sarcastic guys , I ' m warning you lol )",1
i ' m going to cut off contact with every single person i know and emerge in a few months o a year from now having lost the ability to physically speak but be able to play the meanest fucking accordion you ' ve ever heard in your pathetic little life,1
Uh oh Ben Simmons will also have a Steph Curry type season 76ers better not trade him now HTTPURL,1
I love online shopping because if I am physically in a store and an employee even looks at me I will immediately leave .,1
going off priv to enter a discord sweepstakes,0
You ' re all sickos for being mean to Trump so much for the tolerant left : face_with_rolling_eyes : anyways George Floyd had it coming,1
@USER @USER Cade Cunningham is my favorite basketball player please 2K : folded_hands : : folded_hands : : folded_hands :,1
no more disney stores in georgia im so sad right now the one in alpharetta was my favorite,0
i love ingesting poison and then wondering why my tummy is rumbling the next morning,1
"Whoever thought that making digestives smaller was a good idea , thank you ever so much !",1
Cheers @USER delivery lady for dropping my parcel off covered in coffee : unamused_face : :OK_hand: :medium-light_skin_tone: HTTPURL,1
"Why does Ramish think he can stop my kitchen rennovation because of the noise ? His kids are not exactly quiet or competent when they play their musical instruments , lets just say my dog makes a better sound .",1
i ' m dying,1
ok call me crazy but sometimes i swear i get a little kombucha buzz,0
"Damn , imagine being vaxxed and then getting a cold and then losing your taste and smell . Oh wait .",1
I ' m thankful for nuggets but also my amazing friends & fam : red_heart : : red_heart :,0
"Ya know , I missed a lot of things during Covid , but movie theater popcorn might top the list .",0
virgos are leos in a vest,1
The omicron variant has decided to give us all a wonderful gift for Christmas . For that one day it has chosen to not be spread between people at all . This gift will make me feel a lot better about being around loved ones who still refuse to get the vaccine or to wear a mask at the very least .,1
safe to say my life is a lot better HTTPURL HTTPURL,1
another day of a mediocre white man getting a job he truly does not deserve,0
Mine and @USER snapchats are just stunning : OK_hand :,1
my neighbors taunting me outside my office window by chilling in their hot tub every remotely warm day whilst I sit here on back-to-back zooms all day every day . the audacity is astonishing .,1
"@USER Thanks Alex , I ' m happy with my results :)",0
"Ca n't wait to get home take a big ass antihistamine and roll in some topical steroids . Damn it , skin ! What did I ever do to you ? ! ? !",1
crocheting is hard,0
I do n't like how bright the white text and icons are,0
Wtf is a Justin Herbert,1
omg my ankle popped for the first time since i fell . it ' s a miracle : weary_face :,0
do i just blast maneskin to get hyped for my osce or ? ?,1
"@USER @USER Yes , because we need literally every single fucking celebrity to speak up on a topic that ' s been forced down everyone ' s throats for the past four months . I use the internet to get away from these fucking real life problems ; not everyone needs to weigh in .",1
I think I ' ve figured out why Ted Cruz always looks like he ' s melting . It ' s because of the flames constantly emanating from his pants . #TXSenateDebate #LyinTed #LoseCruz #PantsOnFire,0
"I feel like most teens / women are not told that hormonal contraceptives increase their risk for cancer before going on birth control , and that ' s messed up",0
I still can't believe England won the World Cup,1
Just gotta realize no ones interested in what I have to say : OK_hand :,1
"Absolutely love it when I stay late at work to take someones photograph , remind them twice , and then they forget and leave before I can take it : slightly_smiling_face :",1
It makes me feel a lot safer knowing the MET Police do n't investigate crimes after they happen .,1
"Serious question : if I nick a car and elope to Gretna Green to shut my family up , how long will I do in prison ? Can I finish my PhD there ? Think I ' ve got a plan , lads ...",1
"if you see me crying in the self-service car wash in my rosati ' s uniform , no you did n't : red_heart :",1
""" friends """,1
mentally I ' m hiding in the walk-in,1
i went outside today and suddenly my depression is cured,1
yes it makes perfect sense for harry and ginny to get together . it ' s not like she was the most boring person ever or anything,1
@USER And you said Donald trump was racist : expressionless_face :,1
@USER Very nice . We ' re now briefly up to date . Hopefully does n't take you so long to do the English release of the new pixie after we get 9.10 .,1
watching olympic womens beach volleyball for the plot,1
Oh hey guys I got the job I start Wednesday : smiling_face_with_halo :,0
Boris Johnson is not a clown . The conservative party is not corrupt .,1
Why has Murray not already thrown this set ? No way he comes back from 5-0 and just tires himself out for no apparent reason .,0
IF ONLY PEOPLE WOULD RAKE THE FORESTS . #Debate2020,1
because my neighbours are just so unbelievably loud as of recent I ' m whacking out my speaker and blasting Harry Styles . modern problems require modern solutions,0
"@USER I had the same problem , but as others have said use the left / right arrows on your remote , not the > > key , then it jumps 10 seconds at a time or longer if you press and hold .",0
The amount of times I had to present my intern badge to Capitol Police officers who saw me every day for months and these people are just breaking in like it ' s nothing smh,0
Why do I get updates for bloody football all the time ...,0
Putting the toilet paper roll on so that it hangs under instead of over is a crime worthy of the death penalty,1
"Sharing is caring , I ' m sure your 42 followers would n't have slept tonight not having this update from you ⸮",1
Because of #Trump I now do n't have to worry about other countries making fun of me for being fat ! :d oughnut : : chocolate_bar : : shortcake : :p izza : #Thankstotrump #America,1
My gf has been in the Hamptons nannying for a few hours and she has already been to a POLO match . Is she in GOSSIP GIRL ?,1
the curious george soundtrack radicalized me at the tender age of four,0
Wow ... the universe gave me the task of a potty training a whole human ? the audacity .,1
settings is such an interesting place,0
. @USER anyway you ' d want to come to the Jazz ?,0
my eye doctor is so cute and charming ok,0
"was not back in the states for even 5 minutes before someone ran into me at the airport with their suitcase and said “ ope , sorry ! ” I ' m home :-)",0
ive been watching british streamers for too long . i caught myself saying aircon instead of AC,0
how do I get my boyfriend in a maid costume ?,1
I am late to the same lecture every single week it ' s so embarrassing,0
being sick w a nose piercing is rly annoying,0
' Margaret Thatcher ' is trending ... has 2016 taken another one ?,1
"i know starting up school again can be very stressful but pls remember to stay hydrated , do n't overwhelm yourself , and reach out for help if you need it ( my dms are open ! ) :)",0
it ' s literally so hard being this hot and sexy and beautiful everyday,1
"@USER Another misogynistic , homophobic rapper .. how shocking !",1
it ' s always the girls I do n't even know that wanna talk about me 24/7 :) I love my fans :),1
Replace Pelosi #Nancy,1
finding vegetarian chocolate mousse is such an annoyingly hard task to do,0
Ca n't put into words how buzzing I am that #LineOfDuty is back,0
Using my recently acquired video editing skills on myself for a change . An oral #presentation assignment on #healtheconomics is as much fun as it sounds : speaking_head : : movie_camera : HTTPURL,1
Between Mikey cooking and Didi cooking for me I relaxing : smiling_face_with_sunglasses : cooking ? ? I do n't know her,1
@USER Nah bruh you just drinking it upside down : face_with_tears_of_joy :,1
"When I finally die , just please do n't let it end with one of those shitty pop covers that Disney plays over the credits",0
"Listen if you can't laugh at “ badly sprained your ankle doing a Mamma Mia themed Zumba video alone in your apartment in year two of a global pandemic and are now on bed rest for a week ” , what can you laugh at",0
to me ... to me ... to me ... to me ... awwww :(,0
"i ' m usually pretty good at guessing the ending of a crime series but #clickbaitnetflix had me changing my guess every episode . SO good , highly recc",0
Target just brings me too much joy,0
My ears are ringing so badly rn,0
Imagine going to university for 4 years when you could just follow Elon Musk on twitter for free,1
As a kid I definitely thought I ' d come into contact with quick sand way more than I have,0
Midwife means with woman be it a male or female midwife that ' s what we are there to do #WomanCentredCare Thank you @USER and @USER for highlighting the work we do as midwives . Seeing a happy and healthy mum and baby knowing I made a difference #allthethanksineed,0
bought some index cards and a 3 ring binder the other day just so i could feel alive,0
Politicians are so honest it melts my heart,1
Headaches that last all day nonstop : smiling_face_with _3_hearts : : smiling_face_with_heart-eyes :,1
The Suicide Squad felt like a remake of the Watchmen movie where they actually kept the giant squid .,0
Nightmares are so horrible and weird .. my is my brain subconsciously thinking about horrible things like what ?,0
excited to start my new hobby of standing in the lgbtq section of the feminist bookstore and look hot and mysterious until I get noticed,0
Good deed for the day : Keeping extra water bottles from work and giving them to people needing it on the tube :p otable_water :,0
i hope my 6th grade english teacher knows he inspired my first tattoo :) there ' s no reason he would know that but i hope he just feels it in his bones,0
I have n't seen my best friend in over a year I am not coping well :( (,0
Been playing Ghost of Tsushima and I love it ! ! !,0
The sign of spinelessness : complaining to someone having a call on a bus as they ' re getting off . Was the person on the phone a woman alone ? Of course she was . Was the person complaining an older man ? Of course he was . Did I yell at him ? Of course I did . Speak out for justice . : raised_fist :,0
"A Christmas story . About three years ago my Mum told me that she ' d bought me a present : she was n't sure if I ' d like it , whether it was my kind of thing or not , but she ' d loved it so she ' d bought it and put it away . And then she lost it . HTTPURL",0
Why am I not famous yet cos I ' m actually fucking hilarious,1
my boss sent me ice cream bc I got my wisdom teeth taken out :p leading_face :,0
Can anyone provide crutches in the eastleigh area ? #help,0
Even if you ' re fully vaccinated the CDC recommends still being nice to me . I am fragile,0
I need the weekends to stop being like 20 minutes long .,0
How DARE my friends have jobs / boyfriends / lives they should consider my feelings and be free when I am,1
i love when i respond to my professor immediately after she emailed me and i still have n't gotten a response :) ) ( it ' s been almost 4 hours ) :) ),1
All I ' ve done this summer is binge watch The Office and Friends : upside-down_face : : upside-down_face :,0
Thoughts and prayers will actually work this time . Trust me,1
@USER Blizzard will have to make sure it does n't exceed the recommended fun level of 10 % .,1
"Do n't worry , even if you were n't born 60 + years ago , that does n't mean you can't still be a Boomer .",0
just realised the first time I will listen to Red ( taylor ' s version ) will be on the way to printworks so I will literally be crying in the club,0
it ' s unbelievable to me that “ you pay rent so your landlord can handle maintenance ” “ your landlord does n't have to fix anything that is n't an immediate hazard ” and “ your landlord can forbid you from repairing stuff yourself ” are beliefs that people can hold simultaneously,0
i have this reoccurring nightmare where i accidentally forget to put on shoes before school and i have to spend the whole day barefoot,0
so lovely to see that the government continues to prioritise the safety of disabled people,1
"3 classes down , 2 more to go and then I ' m halfway finished college : flushed_face :",0
Coronavirus looking at everyone going outside on their snaps HTTPURL,0
As if we ' re all actually going back to the footy tomorrow literally gonna be epic,0
What ' s one of the best parts of parenting you ask ? Putting your hand down and finding it ' s wet from an unknown liquid : weary_face : : weary_face : : weary_face :,1
Oh yes thank you mr delivery man so much for delivering my important and fragile package by leaving it on the doorstep in the pouring rain ! Very glad you didn'tring the bell or leave it in my safe place as suggested !,1
i ' ve never had protected sex,1
Love how politicians are exempt from social distancing and all other restrictions placed on the general public,1
Every time I see an establishment with paper straws I turn a little bit Republican,1
youve heard of coffee enemas now get ready for coffee bidets,0
Birmingham city football club are definitely getting promoted to the premier league this season ! !,1
@USER Is there a problem with the predictor page ? Its not loading so unable to enter my predictions .,0
"Forgive them for you , not for them",0
attack on Titan I ' m not ok Saw a few leaks on purpose bc I like to torture myself and I ' ll wait to read the whole chapter tomorrow but oh my god oh my god I ' m hurting,0
it ' s amazing how toxic people are always blaming others but fail to realize that they are the common denominator in all problems : litter_in_bin_sign :,0
Fascinating article about the Vatican ' s finances in these challenging days #catholic #finance #catholicism HTTPURL,0
"fisher : "" i thought you said aids "" me : "" yeah rachel really loves aids """,1
"So our landlord just brought in new sofas which is lovely but in the process broke a table , someone ' s cup and spilt tea on the carpet and left saying “ you should probably clean that up ” thanks Darren :middle_finger: :medium-light_skin_tone:",1
"Afghanistan just completely crumbling after spending over 2 trillion USD and 240,000 human lives over the course of 20 futile years of American occupation sounds amazing in theory , sure . But how are we gonna pay for it ? What ' s next , chocolate milk for everybody ?",1
@USER And with a plentiful supply of rhubarb .,1
So excited to start this job ! : smiling_face_with_smiling_eyes :,1
"our lord and savior , frank ocean , has saved us all once again .",1
"this narrative of "" protection "" that women require is infantilising and off-base . it implies requiring smothering as opposed to freedom to occupy spaces , yknow , as people .",0
"It ' s spring , so that means it ' s time for couples to leave the bar across the street and come fight under my window at 2 am again : red_heart :",1
Just caught up with #HolbyCity think I ' ve just about finished crying : loudly_crying_face : @USER you were outstanding . You will certainly be missed,0
Villa and Newcastle shirts seem to be a massive clash for my eyes,0
My brain : ok you have 3 things to do My anxiety : ok you have 30 things to do,0
"the audacity of the neighbors to mow the lawn while i ' m trying to sleep , at 6:30 pm",1
"#CNOH3 what a blast ! Thanks to @USER , @USER & the beautiful @USER for your awesome messages ! Much Love ! : red_heart : : ogre : : ghost : : skull :",0
Can a burrito change the world ? Do n't miss Chipotle ' s first Game Day commercial HTTPURL #bonuspoints,0
"@USER Few links for you . To summarise , wearing face masks seems to be more effective than not . Who'da thunk ...",1
"It ' s important to note that majority of Americans voted for Hillary so if you are feeling alone and betrayed , you are wrong . We are here .",0
just listened to my all straight friend group talk about boys for THREE HOURS i am DRAINED,0
"Anthony Taylor is such a fair referee , I wish he was put in charge of more chelsea matches",1
"Hi John , thank you SO MUCH :-) for the text last night . ordering ( ! ) me back to work off holiday for this morning as someone else is sick . Sooooo Sorry :-( that I am in Beijing with an 8 hours time difference and could n't make it ! I ' ll try harder next time ...",1
I really love finishing my term with an period of enforced isolation thanks to the amazing governments controls on covid in school .,1
"@USER despicable tweet , my liege",1
Just had my windows cleaned and I feel posh lmao,0
"everyone gets all hyped about ancient debris , but where ' s my modern debris ?",0
"The #PostOffice KNEW there were bugs in the system ! "" Not remotely reliable "" . Innocent lives were completely ruined and SOMEONE is to blame . Not fit for purpose . An utter disgrace . I ' m oddly livid over this #bbcpn",0
PLT slamming their brand name on everything winds me up . You ' ll find something really nice but it ' s got ‘ PRETTY LITTLE THING ' written in caps all over the front : weary_face :,0
@USER @USER Hip flask : ballot_box_with_check : Dark rum : ballot_box_with_check : Peppermint cordial : cross_mark_button : Will be going to get some later though . Inspired - nice one !,0
please i just want a gp that can prescribe me my bridging hormones,0
""" calm down , I ' ve only had it a couple weeks "" : face_with_raised_eyebrow : : unamused_face :",0
As if some people left the cinema during Super Trooper I am so offended : exploding_head :,0
Mad how many cars they make now without indicators : upside-down_face :,1
@USER This aged well,1
I just love falling up the stairs : expressionless_face :,1
Last night I wanted a quesadilla so bad but I ate salad . Now though ? ? ? My time has come . I am eating a quesadilla .,0
“ The number one freedom white people have in America is to remain totally ignorant about the injustices committed against those who are other than white ” - Jane Elliot,0
Nice to see @USER have started the new year off with the usual crap service . Just love waiting for a bus that does n't turn up,1
@USER @USER I think about Blue Rat whenever I see an energy drink : ' All the energy of a rat ... in a can ' .,0
Gets James off ffs,0
"The Drew Barrymore Show is an absolute trainwreck . Like The Tony Danza Show , every two minutes is a clip for The Soup .",1
"Just poured boiling water all over my cereal instead of into my tea cup , gonna be a long day this .",0
new EP out in 15 minutes : hushed_face :,0
do you guys ever turn the music down to try and figure out what that smell is,0
wait what the fuck that solo yolo is mad ?,1
Exams have finally finished ! ! I can be happy again #woooooo,0
"I ' d like to thank middle aged men watching the Olympics for solving the mental health crisis . Getting someone to shout "" get some perspective "" at every athlete struggling with anxiety will definitely solve their problem .",1
Got razor burn on my mf armpits so that ' s it this pain ain't worth societal expectations on women,0
#HappyBirthdayKeanuReeves Keanu Reeves is so wholesome : smiling_face :,1
"@USER perhaps you could make your shop mobile and take essential items to hospitals , and other key places , so it makes it easier for staff to get items they need",0
"I keep getting dramatic , anime style cowlicks in the morning and I ' m thinking one day I ' ll just go out without brushing it down to let everyone know I ' m the main protagonist .",0
someone get on a plane with me and lets just tour someplace for like 4 days please,0
i cant wait to leave boston,0
"Maybe if we did n't comment on things that do n't concern us , the world would be a happier place ? ? But what do I know :person_shrugging: :light_skin_tone: ‍ :female_sign:",1
i was so bored today that i let my computer restart to install updates : woozy_face :,0
It ' s sad .. guys make me want to stay single more and more everyday . Guys Respect your ladies please . Stay out of my dms especially if your married or just had a kid : exploding_head :,0
"@USER @USER @USER that ' s how things like this get so bad . if everyone says it ' s not their problem and nobody actually does anything about it , nothing does happen . the us government can use the fed to take action , and it should — even if it ' s not their “ job ” officially",0
' but that ' s different ' is never a valid argument,0
"i ' ve never been a runner / very fast at all , and it ' s been a year or two since i ' ve been in what i would consider good shape , but i decided to work on that this summer . since the beginning of June i ' ve gone from running an 18:29 mile to running a 14:06 mile , and i am so proud",0
#PostAnUnpopularFoodOpinion salad cream on toast mmmmmmmm,0
Anyone selling a parklife weekend ticket ? ?,0
James Harden is allowed to travel every time he drives apparently,1
not to alarm anyone but i just saw spider-man by uta,1
"I unsubscribe from being an adult , its not for me",1
love how badly i embarrass myself on nights out how iconic X,1
have n't written in months cuz there are no male teachers to impress :p ersevering_face :,1
"Sometimes I lay in bed and think about how today will be the day I make my life better . Exercise , drinking water , eating healthy . Then I wake up .",1
So in other news I just held the door open for Bam Adebayo & then I fell down the stairs & I think I broke my finger .. ya I ' m THAT smooth,1
Holly Arnold ? ? ? Who #ImACeleb #MBE nope not sure oh hang on you mean MBE yes that ' s her ! ! !,1
going to be running on three hours of sleep at work tonight ! so excited ! ! !,1
Happy New Year everyone ! ! ! Bring on 2014 ! !,0
I love to pick my modules on a first come first served basis at the same time as everyone in my entire year on a website that has n't been updated since 1995 . Thrilling : red_heart :,1
I feel like I have Twitter friends with opinions on this - what are the must do / eat / see / drink spots in Des Moines ? Please share .,0
Do you walk past people and automatically think you ' re defo a tory ?,0
"My boys Sam & Ben Haigh (8 , 4 ) are huge fans of yours and would like to wish you a happy birthday all the way from England , ps cant wait to try the colour challenge with the boys during lockdown great ideas to keep them busy ! x @USER",0
"dad : "" are ya sending any of those boys from 5soz ( wtf is a 5soz dad ) a valentines gift ? "" me : yes dad yes i am cuz im dating all of them duh",1
Got my first shot . Feeling pretty good . Kinda feel like buying some Microsoft products . The shot did n't really hurt . But what will hurt is if I do n't take advantage of the Microsoft office deal going on right now for a limited time,1
does ur dad hate you for no reason or are you normal ?,1
@USER @USER @USER Surely you ' re not suggesting that their own thorough investigation of their own suspected <fraud> ( which found no evidence for said <fraud> ) was carried out with anything but the very highest levels of integrity ? Seems completely legit to me ...,1
Wow it ' s almost as if it ' s their literal job to have a lot of knowledge about a wide array of subjects .. Funny that HTTPURL,1
I ' m so glad that smart people are still refusing to wear masks in shops . Thanks to their selflessness it highlights that if we just ignore something it ' ll go away – do n't know why we have n't all tried it .,1
"You were given the option to be born into a more financially stable family at conception , but chose not to avail yourself of the opportunity provided ; perhaps you should now take personal responsibility for that decision , and deal with the consequences ? ' : top_hat :",1
"@USER @USER @USER @USER @USER @USER @USER @USER @USER @USER @USER Yeah just a coincidence that infection rates go up and down dependent on when students are in the area or not , also tallies in with the parties being attended by up to 3 times the amount of allowed attendees . Definitely not students : thinking_face : :person_facepalming: :medium_skin_tone: ‍ :female_sign: : face_with_rolling_eyes :",1
"Men love making women think they were the problem when they finally decide to leave after putting up with mistreatment for god knows how long “ You were supposed to be my ride or die : weary_face : ” Okay , so die then .",1
"Idk but pick 1 - Fireworks being lit inside school , some guy fingered his girl in the common room , guy threw a chair at the headteacher , another guy flung a laptop outside a window from the top floor , teacher touched up a student , my boy stabbed another guy with crafting knife : loudly_crying_face : HTTPURL",0
"me : trying to sleep slightly earlier than usual bc I feel like shit my friend , texting the group chat 13 separate times at nearly 4am : hello I do n't think so ! how abt I tell u abt how bad things are going instead :)",1
"It ' s nice to see some heritage organisations are doing the right thing and putting the safety of their staff , visitors and volunteers first . Wonder what that ' s like ... ... for reasons , this is aimed at nobody .",1
@USER All I want for Christmas is Fate Collab Rerun in 2021 . Alongside Blu ray release ?,0
"hey brands nobody gives two shits that ur logos are rainbow now , grow a pear and actually do something for our community :)",0
always gonna wonder if id dress masc if i was skinny o_o and if id be more open to telling people im nonbinary if i was skinny - _ -,0
South Park being taken off Hulu is the worst thing that ' s happened to me personally in 2020 and like .. my dad died,1
I enjoy being at work and can't wait to come in everyday and see all my happy colleagues,1
"idk . academic writing is exciting but what ' s the point if the only people reading your work are academics ? same with literary journals , tbh",0
Halfway through snowboarding day 1 and pretty sure I have fallen at least 69 times : grinning_squinting_face : : Cancer :,1
naming my son onickolas in honor of my love for @USER,1
"Me : You know , for someone with chronic anxiety I think I ' m dealing with this pandemic quite well . Also me : Wow , I forgot how good a freshly shaved undercut feels !",1
@USER @USER @USER @USER Aware she was not a tennis player when she left Canada at 2 yrs old ? ? aware she did not pick up a tennis racket until 6 years old ? ? . aware last 12 years trained at the same tennis club in Bromley Kent England ? ? the girl is British no haters or doubters will take that away from her,1
“ The more you toot the more you poop ” - my 6 yo nephew,0
JUSTICE HAS BEEN DONE .,1
If you do n't like Lemonade you ' re an extremist : lemon :,1
"@USER @USER Ahh yes , quick peek at your page and you obviously know everything . Thank you for the enlightenment . : face_with_tears_of_joy :",1
"Wow , glad I spent my entire Christmas away from family last year .",1
"So my Twitter feed has to show me what tweets people I follow like . ... : neutral_face : If I unfollowed you , just know I ' m tired of seeing porn",1
I have every confidence in our government ' s Covid action plan this Christmas : face_with_rolling_eyes :,1
"will never understand why ppl do meth , , just buy a shit tonne of incense in bulk stupid",1
I hate the mall every girl here is talking about shopping for the “ dress code ” . I feel :woman: :medium-light_skin_tone: ‍ :white_hair: :woman: :medium-light_skin_tone: ‍ :white_hair: :woman: :medium-light_skin_tone: ‍ :white_hair:,0
The amount of McDonald ' s Diet Coke ' s I ' ve purchased in the past week is embarrassing,0
"Some pretty great things are happening at the call center . Listen in to 104.5 for the Care-A-Thon ! Each dollar is being matched , my friends !",0
"@USER I think lunch was ready at the care home , then it was time for nap and then Countdown .",1
"According to my road rage , the word of the day is asshat",1
"Congratulations to Trump on his second impeachment . It ' s a tremendous achievement borne of hard work , focus and dedication . Record breaking . Historic . Bigly . #ImpeachmentDay #TrumpImpeachment2",1
"I asked my husband to buy dog poo bags when he went out earlier and they ' d sold out . So instead of going to another shop , he bought bin bags . So now I still can't clean up after the dog but if I happen to buy a donkey and need to clean up after that , I ' m sorted .",1
it takes 2 minutes for me to paint my nails so sometimes i do it impulsively and then sit there looking at my hands like fuck i have things to do rn,0
Wishing all the birthday sex on @USER today : birthday_cake : HTTPURL,1
wow this growth spurt is really taking longer than i thought haha,1
"Okay , well nice of 2020 to bless us with the gift of great sports team names - The Kraken and the Washington Football Team : face_with_tears_of_joy : : face_with_tears_of_joy : : face_with_tears_of_joy :",0
RUBY MOTHERFUCKING SOHO IS THE NUMBER ONE CONTENDER #AEWAllOut,0
help why do i keep having nightmares about being amish,0
Dear No Label Academy students ... we ' re still not done . Each and every one of you will receive a brand new MacBook to continue your musical journey ' s . : red_heart : HTTPURL,0
Bar Woah Knee,0
Anyone else wanna ruin me day x,1
@USER Only joking ... keep it real . HR professionals have a life too ... : thinking_face :,1
Yes you can break all the rules for Christmas and risk serious fines and killing your loved ones with a deadly virus OR you could : sparkles : stay at home : sparkles :,1
@USER I think it should be allowed for customer service workers to squirt water into their face like how they do sometimes to train pets,1
If only we had another lockdown I ' d love to be locked in my room for another 8 months,1
"it ' s amazing how many people get mad at you for simply Raising Questions , such as “ what if the vaccine makes your balls inflate like helium balloons and cause you to float away to never be seen again ”",1
"New levels of desperation : sleep is now truly insignificant to me . In fact , it ' s a downright annoyance .",1
our waitress at dinner tonight complimented my muscles so i guess you could say i ' ve made it,0
Drake literally ended everyone in the industry like,0
yo @USER do yall do hysterectomies ?,1
Off to london today for the Aurora Programme ! See all you girl bosses there ! :person_tipping_hand: :medium_skin_tone: ‍ :female_sign: : two_hearts : #Iamaurora,0
Is this first Cybex isokinetic dynamometer ? @USER #PRS2021,1
"If your website still has a google plus share button , forgive me if I ' m not tripping over myself to take your information as credible or current .",1
the thought of one of my siblings getting my room when i go to uni makes me sad af :p ensive_face :,0
@USER you can copy mine,1
"how would u kiss ur gorgon gf goodnight , , , so many little snake faces to kiss , , , it would take so long",0
Join me on @USER to help save our planet in just 2 minutes a day . #UnitedForGood @USER HTTPURL,0
"I ' m not sure what the guys in The Chainsmokers look like , but everyone in this Phoenix crowd looks like they ' re in The Chainsmokers .",0
@USER But how can we possibly deal with a human experience we have n't first relentlessly quantified ? ? ?,1
I love it when someone criticses my parenting then their adult son cuts his finger off with a knife and breaks his leg by falling off a bike,1
Happy birthday to me . I got pinged and can't leave the house : smiling_face_with _3_hearts : : clown_face :,1
"I recovered a repressed memory today of working at @USER in high school 13 years ago & having to answer the phone as “ we go all out at Kum & Go , this is Shelby . How can I help you ? ” And the prank calls that led to . Pretty sure K & G owe me therapy .",1
Accidentally made a friend in ASL today . I hate when that happens .,1
i just deleted every tweet from beyond this year because connor wouldnt stop asking for my cringy ass twitter damn,0
yall ever chip your tooth from accidentally biting your tongue ring,0
"I never thought I ' d say this , but I have become one of those people who like bounty bars .",1
You have to love politics - all talk and no action .,1
Ca n't wait until I live to be 110 years old and I have people asking me how I ' ve lived for such a long time so that I can make up some hyper-specific secret to longevity that people will inevitably follow,1
ITS COMING HOOOOOME,1
"I suppose though , we did sign one for the future so , you know , not all gloom and doom ... we might be good in 6 years time .",1
@USER @USER hot loli,1
Lol i actually realized that I ' ve justified not working out for the past three months by telling myself that my hair was too short to fit in a ponytail .,0
Yo does anyone know how parking spots are assigned for painting ? ?,0
"Maxwell , Arthur ' s middle name is Grandpa ' s name . So he has a piece of two very important people of Mikeys family . Grandpa is a incredible guy and this was probably the only thing at this point that we could give him to make him feel appreciated and loved . Grandpa loves his name .",0
@USER With some pastel green flare leggings a Chucky white boot and a hot pink shoulder bag : orange_heart :,0
Seriously thank God tomorrow ' s friday #needabreak,0
took my dog to the vet today because i thought she had ringworm .. turns out she was bit by a GNAT lmfao i am a drama queen,0
The fair-weather fans in all of these threads . Wake up call . Fleury is a human being . Surprise !,1
@USER I thing you might be on to somethink ! : face_with_rolling_eyes :,1
this is my 3rd time taking a biology course and it ' s so EASY wow i love biology so much i ' m so glad i ' m so good at this subject .,1
NEW MUSIC TOMORROW ! !,0
"Hearing I love you is nice and all , but has your SO ever told you to eat shit ? : smiling_face_with_heart-eyes : : smiling_face_with_heart-eyes : : smiling_face_with_heart-eyes : ugh @USER",1
“ @USER : Physically and mentally stressed ”,0
Being a business major is legal conversion therapy and must be stopped,1
Just rediscovered that my nose is always in my field of vision so I will unfortunately be dropping out as I can not continue my assigned readings in peace,1
why is someone jackhammering at 8am omfg,0
First proper Coffee in 4 months .,0
"So I can go the pub have a meal , go to the cinema , hairdressers and a shopping spree , yet wo n't be allowed to see family / friends @USER & them meet my newborn baby ? ? : exploding_head : : exploding_head : : thinking_face : : thinking_face :",0
spent my entire lunch break defending trans rights to my boss and other execs so if anyone needs me I will be looking for a new job,0
"Handwashing tip : sing "" Happy Birthday , Mr . President "" because it ' s longer and sexier than the original",0
@USER Would love a cheeky McDonald ' s breakfast before a busy day at work would set the day off on the right foot ! : beating_heart : #FancyAMcDonalds,1
Breaking news : Pubs and bars the latest cure for COVID .,1
"There ' s a gigantic , newly opened , posh box of chocolates in the kitchen at work marked ' for everyone ' and now I ' m wondering which one of my colleagues got dumped on Valentine ' s Day",0
Looking for prom dresses makes me excited for prom : smiling_face_with_smiling_eyes :,0
Joey the genius ! I wish i was as brainy as him #towie,1
"Just watched Homewrecker @USER Halloween event , loved it ! : jack-o-lantern : #homewreckermovie #grimmfest",0
When it ' s September 1st and you ' re excited cause you realize Halloween is next month #enthusiast : ghost : : jack-o-lantern :,0
Update : holding hands with your mom and walking around campus also shows you ' re prepared for the independence college offers,1
@USER Nurse ! John ' s been sniffing ivermectin again .,0
taking a social media cleanse deuces :victory_hand: :medium-dark_skin_tone:,0
Searching for Pokemon later because I hate myself haha ! ! !,1
Lol at my life :),1
@USER Nice,1
"Sometimes I lay in bed and think of all the ppl on tik tok who shaved their heads to go viral and did n't and now are just bald , no clout . Wish I knew who they were so I could throw em a like : crying_face :",0
aw i had a dream i bought a big book of words and their meanings and now i ' m awake and sad ( also in the dream i was wondering around the most magical library / bookstore / gift shop ? ? ? ),0
@USER How many of these foreign criminals are Russian backers and funders of @USER #voteleave and the @USER ?,0
Me and my mum just went through our cupboards to find some food for a food bank collection only to discover half of our food is out of date : grimacing_face : : grinning_face_with_sweat :,0
I love leaving the doctors office in tears . I need this kid to just decide to leave my body so we can be done and home together .,1
"One positive of being stuck inside all the time is I ' ve almost got back to being as good at FIFA as when I was 15 , and I consider that an achievement",0
"I think men are better than women , they provide for us . We should thank them more often for being protectors .",1
"Broadband back , starting to feel a bit more normal .",0
its my party and ill shit if i want to,0
Bring me the horizon ' s new song drown is my new favourite,0
My dad is bringing me home Spider-Man Vans from Spain I can not wait :raising_hands: :medium-light_skin_tone:,0
"not to brag , but my thesis topic was so good that someone else published on it three months ago : upside-down_face :",1
"Well , at least the covid situation seems to be improving in time for christmas ...",1
we love mixed signals : face_with_rolling_eyes :,1
Sad because I ' ve missed so much of Oxford the past year but happy cuz I just saw a squirrel carrying it ' s baby whilst writing my essay by the river I love it HTTPURL,0
if you display your pop funkos in the box then you ' re a tory,1
going to drive around in the rain & listen to lil miss olivia rodrigo,0
@USER Yeah I ' ll probs try it out too .,0
"The little girl next door just dashed across the garden shouting , "" I ' ve got to put my mermaid tail on . "" Humbled by both her wardrobe and her sense of purpose .",0
@USER Reviewer 2 : this is a very weak paper that fails proof of concept . Stating a cat bed is also a wizard ' s hat is totally wrong and your data can not support this,1
I am so fucking tired of living in the UK .,0
"Wow did you see that ! Nice triple overtake from Norris ! , #ImaginaryGrandPrix",0
"#EconTwitter Job candidates : I already see some postings trickling in on @USER ( and I ' m always looking to procrastinate ) so send me your papers for comment ! My specialties are beh / exp and eship / innovation but I ' ll read anything ! Dms open , : envelope : djlee@udel.edu",0
I simply love it when I get my Deliveroo and they have given me a whole different person ' s order ! So fun !,1
When you let a 3 year old have your phone for an hour and your YouTube recommendations are now all Frozen and Lion Guard videos .,0
Who likes cats ? ? These handmade cushions are perfect for a little gift . All one of a kind and handmade by me in the York ! HTTPURL #cats #birthday #catpillow #decorativepillow #catcushion #petpillow #throwpillow #kittypillow #catlovergift #homemade HTTPURL,0
"Had an end-of-the-year gathering with my ms coworkers tonight and it was just so nice to be together . Get vaccinated , guys .",0
"i am afraid that , despite all of your words and actions , you actually just hate me",0
Currently feeling very disappointed in people that I know . Just wow .,0
Someone in Walmart asked my mom if I was a boy or a girl ( in front of my FaCe ) so that ' s how I ' ve been,0
"@USER Publisher , not developer .",0
"The city is flying , we ' re fighting robots , and I have a bow and arrow . Classic",0
"yaaaaay ordered my cap , gown , and hood : smiling_face : : graduation_cap :",0
And so it begins . The Sunday back to school preparation . : weary_face :,0
Think I just fell in love with a new song ... will be playing it 24/7 now,0
HTTPURL,0
:call_me_hand: :medium-light_skin_tone: HTTPURL,0
Excited it ' s almost Thanksgiving !,0
Having the worst time on holiday,1
Honestly this weather is the best birthday present I could ever receive,0
i forgot i have tickets to the disney princess broadway celebration in november um i hope that they replace laura with christy altomare,0
More Life to Me : relieved_face : :p artying_face : #23,0
You can help protect Hossein and Arman . Join me and @USER in calling on Iran to halt the executions now HTTPURL,0
Every time you complain about neopronouns or xenogenders we add five more,1
"@USER @USER @USER @USER I know , right ? He even wanted poor people to be healthy , because he was basically a fucking communist . What a hippie .",1
You know you live in a city when you refer to crumbs as “ roach snacks . ”,0
I hope the #COVIDIOTS and #antivaxxers are watching this brutal episode of Ambulance @USER,0
"#psychtoolbox sees a massive update and flashy new URL HTTPURL - installation easier , HDR support and finally ( ? ) @USER recognising Mario Kleiner ' s outstanding work keeping them relevant in time critical fMRI experiments in a time of nascent open source rivals",0
He ' s All That literally made me cry I ' m not kidding I feel so dumb ! ! !,0
So happy to be alive today .,0
trying to pavlov dog my way out of chronic dehydration :/ every 8oz I get a little treat,0
Beer and the ufc are good,0
Cannot cope with uni reading it ' s doing my head in !,0
"So you can't really get huckleberries outside of MT / WY area because they ' re hard to cultivate and need to be picked by hand at high altitudes , making them ~ $ 65 / lb . But bears love em and will go to town and eat like $ 300 of huckleberries in a sitting and I love thinking about that",0
"Tonight @USER dinner I sat by & chatted w / the former chancellor of Ole Miss , a former Miss MS , & the owner of the Miss America pageant Casual .",1
"i have been informed that , as aroace and agender , i have triple visibility and am now visible from space .",1
"Climate change is n't real . How could it be with us having the most hurricanes in recorded history , deadly tornados , and wildfires : face_with_rolling_eyes :",1
Has any couple ever put furniture together and stayed together afterwards ? ? ? Asking for myself,1
gonna finally put in my two weeks today : raising_hands :,0
"Wish I was the bitch that Elijah hewson fucking hated , sad :(",1
idk why but my norms wr skyrockets when I solo q,0
"Day 3 . Luggage arrived , thanks @USER . Non random Hungarian underwear . Talk delivered . Science sated . #metaxa HTTPURL",1
@USER You should know a true Oregonian does n't use umbrellas !,1
so the royal family is sound with pedophiles but as soon as a mixed race baby comes into it they ' re scared ? makes sense : woozy_face :,1
Tried okra for the first time from Tesco . Absolutely delicious . #TriedForLess,0
It would be a real shame if people shared this around and filled it with fake info . People should definitely not do that : winking_face : HTTPURL,1
How bout you dont use a gazillion filters on your pictures,1
Thank you to @USER for organising pizza and ice cream ! It was a lovely end of year gesture : beaming_face_with_smiling_eyes : : two_hearts : Happy holidays everyone - time to collect our time owed in lieu ! : grinning_face_with_sweat : #summerholidays HTTPURL,1
I changed out of my pajamas today and I think that ' s really brave,1
trying to figure out how to use notion for my anime list . I think i ' m dying,1
I do embroidery on tote bags and jumpers over on my depop for cheap prices please go check it out would mean the world to me ! : orange_heart : #depop #embroidery #totebags @USER @USER on depop : butterfly : HTTPURL,0
the absolute shiver down my spine i get when i hear sweet caroline,0
"How kind of the Conservative party to cancel their Christmas get together this year , I mean they did n't have enough parties last year , did they ?",1
"first day of work , and i ' ve already cried on the job : thumbs_up :",1
"lmfao , I just looked out of curiosity , and I have over 3000 emails saved from the 2 years I was on the NPC , guess I could really write that book I ' ve joked about ( also , if you are new to the NPC , my biggest piece of advice is have a good system for keeping up with your emails )",0
why are salads so expensive ? ! It ' s like I ' m being punished for tryna eat healthy ...,0
"If you invite me to something with a Google Calendar invite , know that I will always join via the Google Meet link . Do n't try to add other links in notes ; learn how to use the software and then holla at me",0
"I ' d like to thank my current employer for making me feel accepted and valued . It ' s particularly nice that , whenever I have some suggestions for them , that they seriously consider them and do n't just automatically put their fingers in their ears and shout ' I CAN'T HEAR YOU ' . Metaphorically .",1
Nothing warms my heart more than seeing everybody come together and attack Westside ' s administration : red_heart : #WycoPride #YeeYee,1
“ there is no greater joy than to have an endlessly changing horizon ”,0
"@USER @USER @USER @USER It ' s probably something closer to Xenophobia . Which is someone hating someone else just because they ' re foreign . I mean , you are an English teacher , are n't you ? Figured you might know that .",0
Great start to the day Neros was shut and now I ' m going akip on the bus : sleeping_face : :d izzy_face :,1
