tweet,label,index
"Broke: doing assignments in order of due date
Woke: doing assignments in order of priority
Wired: spending 20 minutes on each class at a time and just go down the list",1.0,0
"I'd like to thank middle aged men watching the Olympics for solving the mental health crisis. Getting someone to shout ""get some perspective"" at every athlete struggling with anxiety will definitely solve their problem.",1.0,1
yeah your girl is fine but does she pass out while giving blood,1.0,2
Sleep? Whatâ€™s that... Iâ€™ve never heard of it?,1.0,3
my favorite gay drama is the social network,1.0,4
"not to brag, but my thesis topic was so good that someone else published on it three months ago ğŸ™ƒ",1.0,5
@SuspendThePres But what were the ratings??  (Replied to his Tweet with the same thing.),1.0,6
i want tech to be banned for use in work relationships. i don't ever want my bosses asking me why im missing optional shit. just write me up at that point.,0.0,7
iâ€™ve never had protected sex,1.0,8
"Well, I had hoped the election would be called in time for my quarter-century birthday two days ago, but Iâ€™ll accept this belated present from my fellow Americans. #BidenHarris2020 #election",0.0,9
"The Drew Barrymore Show is an absolute trainwreck. Like The Tony Danza Show, every two minutes is a clip for The Soup.",1.0,10
"I see Dettol, Toilet Duck and Zoflora are all trending on Twitter. Now why could that be... #TrumpPressBriefing",1.0,11
"@AsdaServiceTeam imagine your delivery being 2 hours late, and imagine calling up your service team only for them to hang up at 10pm, coincidentally the same time the office closes. But itâ€™s okay, my Â£3 delivery fee is being refunded though ğŸ‘ŠğŸ»",0.0,12
"Iâ€™m not sure what the guys in The Chainsmokers look like, but everyone in this Phoenix crowd looks like theyâ€™re in The Chainsmokers.",0.0,13
The contract extension with James Franklin will absolutely work out in Penn State's favor.,1.0,14
As a woman I dont need hobbies dreams or goals cause I can spend all my time wondering why he didnt text back crying into a bag of doughnuts,1.0,15
@AgainstArms @ACCLiverpool Yes NEU! ğŸ‘ğŸ‘ğŸ‘,0.0,16
"Sometimes I lay in bed and think about how today will be the day I make my life better. Exercise, drinking water, eating healthy. Then I wake up. ",1.0,17
Why are toddlers allowed in public spaces,1.0,18
"Knocked on a door to deliver a parcel, waited 30secs then I see the parcel had a safeplace so went to the neighbour. Then this moody 20yr old answered the door in a Spurs shirt talking shit, so I laugh and say was u crying about Harry Kane, is that why u took so long to answer ğŸ¤£",0.0,19
"make it illegal to say/write ""Dems in disarray"" on account of it being stupid as fuck",1.0,20
Hands up who remembers when EVERY blogger and their dog was a brand ambassador for Coconut Lane ğŸ˜‚,1.0,21
â˜¯ï¸&amp;ğŸ¤ https://t.co/Uz2XTyp9Dg,0.0,22
"I find it hilarious that â€˜black and whiteâ€™ or â€˜all or nothingâ€™ thinking is considered a cognitive distortion and is a symptom of several disorders, and yet it remains a pillar of American (and Western) culture.

Itâ€™s almost likeâ€¦. our culture is toxic ğŸ¤”",1.0,23
Love it when the milk is out of date when you buy it ,1.0,24
I finished my MBio in Biomedical science this week and today I found out Iâ€™m graduating with a final mark of 77% (distinction)ğŸ¥³ so proud of myself,0.0,25
"For anyone with Three network, you can upgrade or pre order over the phone, online hasnâ€™t been updated.",0.0,26
Yes you can break all the rules for Christmas and risk serious fines and killing your loved ones with a deadly virus OR you could âœ¨stay at homeâœ¨,1.0,27
My life has gone from â€˜drive it like you stole itâ€™ to â€˜drive it like your toddler needs the toiletâ€™.,1.0,28
If a dude says â€œfemalesâ€ I automatically donâ€™t trust him,0.0,29
happy birthday gorgeous! have an amazing day i love you!!ğŸ’“ğŸ’“ @gracekennardd,0.0,30
"Climate change isn't real. How could it be with us having the most hurricanes in recorded history, deadly tornados, and wildfires ğŸ™„",1.0,31
"Boy, I sure do love being constantly misgendered by my cis relatives at family gatherings ğŸ™ƒ",1.0,32
I need Trisha as a guest on red scare,0.0,33
Only yelled at one person while biking home this evening. Improvement!,1.0,34
"AT&amp;T is truly amazing
They think my lg g7 is 3g only to the point where they sent us Walmart Altec phones and said they'd shut off service.
We called them, they told us to not worry and if the phones are fine they wouldn't be shut off
Guess what got shut off this morning? LOL",1.0,35
i gotta get out of this city. i made $18 doordashing for an hour and a half ğŸ˜­ 3 orders and only one tipped lmfao he was the sweetest tho he gave me a cash tip + a 3.00 tip on the app &lt;3 i miss him,0.0,36
"Bruh how do people manage dozens of healthy, fun and equitable friendships over a long period of time? I can hardly handle like 3 ğŸ˜–",0.0,37
Omg my dog just scrolled through my emails with his nose and Iâ€™ve never seen anything CUTERRRRRğŸ˜©ğŸ˜,0.0,38
I love how they blur out Tristanâ€™s face in this season of the kardashians LMAO like hmmmm I wonder who that mysterious man is,1.0,39
"I think the corn should be part of the game, let the players chase balls into the corn field! #FieldOfDreamsGame ğŸŒ½ğŸŒ½ğŸŒ½",0.0,40
i love acknowledging the other twinks on campus hi friends!!,0.0,41
"@kazzacoey @UKLabour The old phrase that says, if you are in the middle of the road you will be run over. Starmer is stuck like a record that is stuck in the same groove and nobody wants to hear that. Also where are the policies?",0.0,42
"@faith_hi @PalmerReport Ahh yes, quick peek at your page and you obviously know everything. Thank you for the enlightenment.ğŸ˜‚",1.0,43
Can't wait to sit at my desk for 7 and half hours. Back working harder than me...,1.0,44
The littles and I had a fun day today ğŸ’ https://t.co/QSF7p2Qqya,0.0,45
It's so weird how I look ugly in photos but I also look ugly in the mirror,1.0,46
Mnet girls planet 999 top 9 choices literally all horrific forgettable girls not charming or enjoyable to watch clearly biased to k group Iâ€™m literally going to take action,0.0,47
I never feel more empowered than when Iâ€™m listening to â€˜this is meâ€™ from camp rock,1.0,48
I too enjoy making shit up and pretending like I understand basic economic principles https://t.co/cHDBHaxBBR,1.0,49
wow this growth spurt is really taking longer than i thought haha,1.0,50
"Aye these vaccines are dangerous to your health like. But see the charlie that you put up your nose at weekends, totally fine.",1.0,51
@PONOS_EN Very nice. We're now briefly up to date. Hopefully doesn't take you so long to do the English release of the new pixie after we get 9.10.,1.0,52
yall ever chip your tooth from accidentally biting your tongue ring,0.0,53
"I'm glad I downloaded tiktok, it brings me back to the good ol days of vine ğŸ¥°",0.0,54
"Using an educator discount, I receive 20% off Manga at B&amp;N. This is the only reason I am a teacher.",1.0,55
There is nothing new in an oliver james publication that can't be found elsewhere for free. He's a leftist living a straight bourgeois life,1.0,56
Might just fuck around and take some horse dewormer for the thrill of if. Maybe Iâ€™ll feel something,1.0,57
I am so fucking tired of living in the UK.,0.0,58
@_Priya_R @ZebrafishRock Have you tried Steve Wilson at UCL?,0.0,59
How bout you dont use a gazillion filters on your pictures,1.0,60
friendship is such a beautiful thing and deserves more credit than it gets,0.0,61
Not telling anyone how I voted in case it doesn't come true #EUref,1.0,62
"@toxx_i @cjafterdark If you say grÃ¢ce like ""gra"", you actually end up saying coup de gras which means blow/stroke/hit of fat",0.0,63
Best performance in a while. Absolute cracker today. Think @benbreo deserved mom #NFFC,0.0,64
@BeschlossDC I stayed home sick from elementary school and watched it at my grandmaâ€™s house.  I donâ€™t think I understood exactly what happened and that it was such a tragedy.,0.0,65
also that jacket he wore yesterday iâ€™m gonna rip my eyes out :/,1.0,66
Sitting next to the world's loudest mouth-breather on the first day of class did a really good job of demystifying grad school for me today,1.0,67
"Drop in Center to let people get the 1st or 2nd Vaccine open today . I went thinking I was able to get my 2nd one .
Wait in the que 30 mins .sits down arm ready to get ! 
Sorry your 12hrs to early !!! 
We cannot vacinate you till 56 days !!! @NicolaSturgeon #Seriously",1.0,68
"So I have an exam tomorrow, but likeee if the country is about to turn into a war zone does it really matter??",1.0,69
My gf has been in the Hamptons nannying for a few hours and she has already been to a POLO match. Is she in GOSSIP GIRL?,1.0,70
@KhoaVuUmn Reviewer 2: this is a very weak paper that fails proof of concept. Stating a cat bed is also a wizard's hat is totally wrong and your data cannot support this,1.0,71
An uppity receptionist just told me an initial assessment to have someone simply look at my teeth the exact same way my dentist did for free will cost Â£165. I might have laughed at them down the phone.,0.0,72
Because of #Trump I now don't have to worry about other countries making fun of me for being fat! ğŸ©ğŸ«ğŸ°ğŸ• #Thankstotrump #America,1.0,73
"We have changed our name on here to keep family from finding us, we are still didivination just look different.",0.0,74
"Vaccine dose 1. Thank you, science.",0.0,75
love when my boss micromanaged me (:,1.0,76
feeling v grateful!!!!,0.0,77
My ears are ringing so badly rn,0.0,78
The Suicide Squad felt like a remake of the Watchmen movie where they actually kept the giant squid.,0.0,79
Breaking news: @Cristiano is going back to @ManUtd. Wow! Just Wow. What a  signing. What a transfer window for United. What a home coming. Love it.,0.0,80
"Doggo owners have started walking the dogs around the technology park I work on &amp; I can see them all from my desk. 

This is the only positive of working from the office",0.0,81
Boehner not clapping for gender pay equality. COOL.,1.0,82
"#bbcfootball one simple question.... WHAT THE HELL DO WE DO ALL WEEKEND!!! No football, No F1..... Gardening?",0.0,83
Iâ€™m in Canada so like Happy 4rth?,1.0,84
I've been doing physics for 40 minutes I think I deserve a break ğŸ˜‚ğŸ˜‚ğŸ˜‚ğŸ˜­ I'm never going to get it all done at this rate,1.0,85
Mom put powdered carpet cleaner all over the floor and now it legit smells like we are living in a stable,0.0,86
Even if you're fully vaccinated the CDC recommends still being nice to me. I am fragile,0.0,87
"@AsdaServiceTeam imagine your delivery being 2 hours late, and imagine calling up your service team only for them to hang up at 10pm, coincidentally the same time the office closes. But itâ€™s okay, my Â£3 delivery fee is being refunded though ğŸ‘ŠğŸ»",0.0,88
turning 22 next week so naturally I increased my tinder age range up to 60,1.0,89
the time is currently 00:24 and the single thing rattling around in my brain is the noise those door stoppers make. you know the one,0.0,90
'Margaret Thatcher' is trending... has 2016 taken another one?,1.0,91
talking about the capitol all day like i'm in the hunger games or something,0.0,92
"#EconTwitter Job candidates: I already see some postings trickling in on @JOE_listings (and Iâ€™m always looking to procrastinate) so send me your papers for comment! My specialties are beh/exp and eship/innovation but Iâ€™ll read anything! Dms open, âœ‰ï¸ djlee@udel.edu",0.0,93
Birmingham city football club are definitely getting promoted to the premier league this season!!,1.0,94
I do love it when my mum makes me spend my savings on beer ğŸ˜’,1.0,95
late night coffee cravings are tempting fate,0.0,96
Don't understand the scoring on #AllStarMusicals ? How has everyone got 10s apart from Barney? His was the best so far by quite a bit,0.0,97
I do embroidery on tote bags and jumpers over on my depop for cheap prices please go check it out would mean the world to me! ğŸ§¡#depop #embroidery #totebags @depop @bethanyj_ on depop ğŸ¦‹ https://t.co/vmxbMXQs4a,0.0,98
"Back from Nashville... I missed this little girl, even though sheâ€¦ https://t.co/eN8q2YEyua",0.0,99
I see ITV have new drama starting next week think it's about a police detective with personal problems that i'll make change then.,1.0,100
Yo does anyone know how parking spots are assigned for painting??,0.0,101
"#psychtoolbox sees a massive update and flashy new URL https://t.co/YEqVctVS1p - installation easier, HDR support and finally(?)@MATLAB recognising Mario Kleinerâ€™s outstanding work keeping them relevant in time critical fMRI experiments in a time of nascent open source rivals",0.0,102
Who's bored at home?,0.0,103
Gonna go cry now some no face told me to lose weight x,1.0,104
"B/w Rain is a Good Thing stuck in my my head, the heat &amp; #GladePlugIns going in the car, hard to believe it's not Summer! #Glade #GotItFree",0.0,105
@AvatarOdin @aubviouslynot sounds like the american dream ngl,1.0,106
it's funny my mom thinks i possess no remorse when i feel remorse everyday for existing ğŸ˜,1.0,107
"to all the anti-vaxxers out there, may you live every day as if it is your last... and improve the gene-pool.",1.0,108
"to me
.....
to me
.....
to me
.....
to me
.....
awwww :(",0.0,109
WHO LET THE LAUNDRY PILE UP 5 BASKETS. Goodness.,1.0,110
@coffeedreamer1 @kingssnacks Omg me too I have a wheat allergy and Iâ€™m suffering but canâ€™t stop eating it - absolutely delicious!,0.0,111
Itâ€™s good to hear once again how the government are setting a great example when it comes to following their own COVID restrictions.....,1.0,112
"My Life Changed When I Finally Bought a Kitchen Table: and other essays about living alone

Chapter 1: Pants?",0.0,113
How does one find motivation to do basically anything? Asking for a friend.,1.0,114
"@kirkkorner ""But it's a deterrent"" ğŸ™„",1.0,115
what it do babyyyğŸ¤  https://t.co/HBvMmOOTZG,0.0,116
when my sister was younger she made comic series called â€œharry potter loves baconâ€ in which harry potter discovered a love for bacon,0.0,117
"Christopher Biggins, a Poundland Mrs Twanky, is sharing his expert knowledge on the EU and Brexit. Canâ€™t wait for his take on the Middle Eastâ€™s geopolitical situation. https://t.co/FzxTWRWjz7",0.0,118
wait what the fuck that solo yolo is mad?,1.0,119
cold weather please hurry i want to wear sweaters again ğŸ™ğŸ½,0.0,120
Ok Wandavision is good,0.0,121
just tried to make a hot chocolate using only cold milk and wondered why it didn't taste right. that's where I'm at today.,0.0,122
"Hereâ€™s the situation, DO WHATEVER MAKES YOUR HEART HAPPY!!! 

Youâ€™re going to die one day dang it. 

At least do all the things you wanted to before you leave!!",0.0,123
Nothing warms my heart more than seeing everybody come together and attack Westsideâ€™s administration â¤ï¸ #WycoPride #YeeYee,1.0,124
@JacobWohlReport Do I need to aquire a wife before this happens or will I be assigned one?,1.0,125
"Lucky for 2nd placed Brentford that there's no stand out team like Leeds this year, or they might have no chance of winning the league. #ncfc",1.0,126
The motto of 2021 is: â€œstop defending shitty menâ€ this is not up for debate,0.0,127
shut the hell up https://t.co/QeOnvsraNM,0.0,128
So weird how Venmo hasnâ€™t venmoed me yet really thought I was the one,1.0,129
"Being a mom with an autoimmune disease means I am a grown ass woman that caught hand, foot, and mouth from my daughter. My Hashimotos sucks. Thanks for all the sicknesses I so graciously suffer and should not be suffering at 40.",1.0,130
I canâ€™t wait to hear more about the life of an upper middle class East Asian American whose only personality trait is drinking boba tea https://t.co/SapbXLd0r2,1.0,131
"@Showmasters are basically thieves, quoting itâ€™s in the small print so you canâ€™t have a refund.
Dates moved from summer, to a 4 hour slot on a Friday evening in November which is about as much use as a telescopic sight on a knife.#WeWantARefund @UKConsumerRight",1.0,132
Boris Johnson is not a clown. The conservative party is not corrupt.,1.0,133
Just realized I donâ€™t have more than 3 full weeks in a row at work the rest of the year. ğŸ’ğŸ¼â€â™€ï¸,0.0,134
@goldfishbabe101 crispy all day every day over here âœŒğŸ»,1.0,135
â€œDad where did you watch the World Cup in 1966?â€ â€œI watched it on my own in my bedroom with a pigeonâ€,0.0,136
"head is pounding, spent Â£25 on ubers last night and I have a 3000 word report to write :) yippee x",1.0,137
i miss classes being online ğŸ˜µâ€ğŸ’«,0.0,138
"Some pretty great things are happening at the call center. Listen in to 104.5 for the Care-A-Thon! Each dollar is being matched, my friends!",0.0,139
Iâ€™m still confused about DaBabyâ€™s point? Like would you have said â€œeverybody without cancer out your lighters upâ€??? like what sir https://t.co/EqcbAEkIJM,1.0,140
So excited to start this job!ğŸ˜Š,1.0,141
do you think when a middle aged white man goes to buy a big lifted brand new F150 they check to make sure his penis is incredibly small?? or do they just take his word for it,1.0,142
Great start to the day Neros was shut and now I'm going akip on the bus ğŸ˜´ğŸ˜µ,1.0,143
Amazing how fast this team can go winning from 13 straight to losing three in a row. Lol. Horrible managing tonight. I really hope this Boone experiment is over soon.,1.0,144
"Today I learned what ""ghost nipples"" are.",0.0,145
someone get on a plane with me and lets just tour someplace for like 4 days please,0.0,146
@terryflewers @lfcsonny Has he given any clarification regarding what age Harvey Elliott needs to be before you can tackle him?,1.0,147
I'm gonna say it: Joanne beat the fuck out of Michael's Halloween online store.,0.0,148
WTF!!! #billcosby conviction was just overturned by the Pennsylvania Supreme Court!!!! #wtf #WHY #me2 @BillCosby,0.0,149
@Ciara87C @RachaelSmarty @SashaHumphreys2 my tinder convos have been leaked,1.0,150
Breaking news: Pubs and bars the latest cure for COVID.,1.0,151
If ya headcanon Cub as an alien you could also make a Lilo and Stitch AU with Scar as Lilo and Cub as Stitch,0.0,152
PLT slamming their brand name on everything winds me up. Youâ€™ll find something really nice but itâ€™s got â€˜PRETTY LITTLE THINGâ€™ written in caps all over the front ğŸ˜©,0.0,153
Bro Drake thinks about Rihanna everyday,0.0,154
could have gone to bed early but instead have been messing around on a random color palette generator for an hour,0.0,155
the curious george soundtrack radicalized me at the tender age of four,0.0,156
"Worst mistake you can ever make is not taking ur mates advice, hands down",0.0,157
"@Jennyfurfuls Garlic has antiseptic qualities. However, a famous French dish that requires 40 cloves and wine with slow cooked chicken maybe a step too far.",0.0,158
"It's nice to see some heritage organisations are doing the right thing and putting the safety of their staff, visitors and volunteers first. Wonder what that's like...
...for reasons, this is aimed at nobody.",1.0,159
I refuse to work under someone for the rest of my life. I WILL have my own business and be my OWN boss. âœ¨Speaking it into existenceâœ¨,0.0,160
(Shameless Dead Snow 2 misquote) The sequel I did 'nazi' coming! Can't wait! https://t.co/gngxw5kbDh,0.0,161
we love when the power goes out at 6:30 in the morning on a wednesday https://t.co/BBIQ7ZYS3x,1.0,162
Want to guarantee that you'll never lose your job? Just become the Prime Minister and party in a national lockdown. ,1.0,163
"ğŸŒ¶ Spiced Coconut curry ğŸ¥¥

.
A weekend spent with friends brings a week of content... or something like that ğŸ˜œ

.
Started the weekend off with this yummy morsel, With was a fusion of miso sesame aubergine ğŸ†, broccoliâ€¦ https://t.co/zyWiA0EX4u",1.0,164
people who hate the snow give off the same energy as people who hate cats,0.0,165
wow i love only ever buying gray and striped shirts,1.0,166
recording myself talking in spanish and then having to listen to it back is seriously one of the most painful things in my life,0.0,167
"#bbcqt It sure would be nice if Ms May decided to answer a question, rather than dance readily around it.",1.0,168
The amount of times I had to present my intern badge to Capitol Police officers who saw me every day for months and these people are just breaking in like itâ€™s nothing smh,0.0,169
YouTube just gave me a gamer targeted covid vaccine ad and anyway get vaccinated gamers.,0.0,170
love seeing that my mom has officially started posting about the horse worm medicine being good for covid actually and theyâ€™re just trying to make it look bad bc itâ€™s so cheap ğŸ¤ª,1.0,171
So do men really not understand the expenses of raising a child or is it willful ignorance to vilify the women in their lives? Or some kind of terrible combo?,0.0,172
"you like ketchup but not tomatoes???

grow up",1.0,173
"I painted my first business sign &amp; got two more business signs to do. Omg. 

THANK YOU GOD ğŸ™",0.0,174
Gets James off ffs,0.0,175
"@kittin_knittin According to a Trump republican,  that's relative to Penis size.  There's a video.  Lol",1.0,176
i hate when that guy on tiktok is all â€œi uNdeRsTAnd iTs eASy tO keEp wAtChInG vIdEos..â€ LIKE BRO MIND YA BUSINESS,0.0,177
"but clinton's emails!
oh.
emm.
fucking.
gee.

clinton's god damnÃ¨d emails.

the humanity of it all.

ğŸ¤® https://t.co/cibY5Tn9s6",1.0,178
Does anyone have a PDF of excerpts from ch. 2 of Mill's On Liberty? I want to assign a chunk of the argument for free expression without asking my students to read the whole chapter.,0.0,179
watching tik toks at full volume in the middle of the airport should be a federal offense,1.0,180
"this Brazilian dude always likes my pictures on instagram, nothing more, and honestly heâ€™s a pretty welcome presence on my account",0.0,181
i was so bored today that i let my computer restart to install updates ğŸ¥´,0.0,182
The fair-weather fans in all of these threads. Wake up call. Fleury is a human being. Surprise!,1.0,183
everytime i swipe through bumble when iâ€™m bored i just get sad that no one has the same complex interests as meâ€¦.rude ğŸ˜¤ğŸ™„ /j,1.0,184
only have to physically be in uni for an hour a week looool mmmm take my 9k xxxxx,1.0,185
someone on the street asked me for the time and I just straight up lied for no reason,0.0,186
Has anyone written about the complexity of sick leave for the service/retail industry and how impossible it is not to screw over the other workers with it? does that make sense? I need an academic article on this with better words,0.0,187
"Regardless of what's happening between Reddit and Robinhood, I hope we can all agree that Elon Musk should shut up now and forever.",0.0,188
I think Boris Johnson deserves his parties after the great job he does for the country these past few years,1.0,189
stop because i just thought of the cutest caption for when i get in a relationship. â€œiâ€™ve finally found someone to watch stranger things withâ€ ğŸ¥º,0.0,190
"If you watch #TheCrown and donâ€™t  simultaneously wiki deep-dive on the royal family, did you even watch The Crown?",1.0,191
There is not enough people here #ivoryrooms,1.0,192
Gosh sunderland twitter is a fun place to be tonight isn't it. One game. One game!!!,1.0,193
Still haven't fully comprehended I go back to work tomorrow.,0.0,194
How do I stop thinking literally everything is corny ??,0.0,195
Old people donâ€™t deserve rights,1.0,196
Mine and @livlawrencex snapchats are just stunningğŸ‘Œ,1.0,197
so the royal family is sound with pedophiles but as soon as a mixed race baby comes into it theyâ€™re scared ? makes sense ğŸ¥´,1.0,198
"Submitted my application for PhD funding today, then shit myself and wanted to withdraw it ğŸ˜‚ğŸ™ˆ",0.0,199
Love a good cry ğŸ‘ŒğŸ»,1.0,200
"don't cry because it happened, smile because it's over &lt;3",1.0,201
iâ€™m now reading 4 books at once what could go wrong ğŸ§¡,1.0,202
"As if I didn't know this anyway!
I'm an Owl according to the #BBCBodyClock quiz â€“ what are you? https://t.co/vM07K82CTg",1.0,203
"Yes, that's fine. Don't wash your hands when you come out of the gym toilets and go and touch all the weights. We're not in a Pandemic or anything...",1.0,204
"I think men are better than women, they provide for us. We should thank them more often for being protectors. ",1.0,205
everyone pls stop shooting fireworks my dog is scared :(,1.0,206
my favorite brand of old people are the ones who work as tour guides at national parks,0.0,207
Just gotta realize no ones interested in what I have to say ğŸ‘Œ,1.0,208
@micahgallen @rosanna_olsen I am just looking at this again today...  did you ever get consistent success with fMRI and Eyelink eyetracking?  I am tempted by the MRC SYstems's fMRI safe 12M camera+IR pointed directly at the eye (through two way mirror) but all the researchers are familiar with Eyelink!,0.0,209
ate a bagel with cream cheese earlier and the impending doom immediately vanished from my mind,1.0,210
Happy birthday to me!! Iâ€™m 30! ğŸ˜­,1.0,211
Has any couple ever put furniture together and stayed together afterwards??? Asking for myself,1.0,212
Iâ€™m defending the land I have left. Click https://t.co/3vXqNbqJqr to do the same. https://t.co/Im5HpQWABQ,0.0,213
Schadenfreude x,1.0,214
Thankyou subway! @SubwayUK #TunaForTuna ğŸ§¡ https://t.co/ilyOiXHJIs,0.0,215
when someoneâ€™s phone goes off in a quiet room an angel gets its wings,0.0,216
Just remembered IHOB was a thing. Don't text.,0.0,217
@BBCAMERICA Thanks for disrupting your narrative continuity with commercial break previews. #SpoilerAlert,1.0,218
@Chris08505199 We watched this and were really saddened by the lack of deeper digging around this issue. There was an air of blame uk jobless for not stepping up. Needs a proper investigation and not a fluff piece IMO. Thanks for your tweet though.,0.0,219
"Selling 2 X Zutekh Presents Mella Dee at Square One Manchester Tickets 22nd August - Â£18 Each, cheaper than face value 
Message me or @SarahrodriguesX to buy",0.0,220
Tell the liverpool players to get some beers and just sit on the grass for the full 90 mins. Let leeds score as many goals as they want. #NoToEuropeanSuperLeague,1.0,221
Fox News et al should be shut down. Absolutely heartbreaking.  ğŸ’”  #GOPTraitors https://t.co/6s3MFrSLU1,0.0,222
WHY IS IT SO HARD TO FIND SOMEWHERE TO SWIMMM ğŸ¥µ,0.0,223
Donâ€™t you just love it when they dig up your road at 8:30am on a Saturday ğŸ˜ ,1.0,224
I really haven't a clue why people think GP's aren't working when you look at all the supportive news headlines around!,1.0,225
Thanks Boris Johnson for restricting travel abroad (again) due to the new virus strain and your concern for the public health. I heard next week your banning fast food beacuse thats just as dangerous right?,1.0,226
Just tried to eat soup with my mask on #fail #Masks,0.0,227
"@MailOnline Another misogynistic, homophobic rapper.. how shocking!",1.0,228
In terms of usability is there a more frustrating web site than ebay?,0.0,229
just listened to my all straight friend group talk about boys for THREE HOURS i am DRAINED,0.0,230
I want a bloominâ€™ onion,0.0,231
itâ€™s amazing how toxic people are always blaming others but fail to realize that they are the common denominator in all problems ğŸš®,0.0,232
Being 20 years old and going to concerts with my mom means I can scream all the no-no lyrics bc iM aN aDuLt,1.0,233
i cant wait to leave boston,0.0,234
"if you listen carefully, you can hear me not carig",1.0,235
"I asked my husband to buy dog poo bags when he went out earlier and they'd sold out. So instead of going to another shop, he bought bin bags. So now I still can't clean up after the dog but if I happen to buy a donkey and need to clean up after that, I'm sorted.",1.0,236
I canâ€™t wait for Boris to wait until after Christmas to lock us down again so that I canâ€™t go to Poland like Iâ€™ve been waiting for for half a year!,1.0,237
"oh sure, the micâ€™d up pitcher at the MLB all-star game can say â€œgod dammitâ€ but when my 13 year old softball player says it she gets a â€œlanguage warningâ€ ğŸ˜‚",1.0,238
iâ€™m going to make a quilt of all of my titty pics and sell it to the people to keep everyone warm,0.0,239
@markbishopuk @DrPragyaAgarwal They are legally entitled to ask for asylum.,0.0,240
@NTCastleWard @PeteSnodden Can't wait!,0.0,241
Why are tanning beds legal?,0.0,242
Vaccinated this morning. Not sure it's worked - still committed to Apple and no extra autism detected. Bloody science.,1.0,243
People who think cancel culture goes too far never learned about excommunication,1.0,244
settings is such an interesting place,0.0,245
Boris Johnson is a great leader and all his team stick to the covid rules rules,1.0,246
The typhoon flew over me today absolutely fuming they forgot to bomb me,1.0,247
"I am sorry, I forgot, I only exist when you need something!",1.0,248
Every time you complain about neopronouns or xenogenders we add five more,1.0,249
Being a business major is legal conversion therapy and must be stopped,1.0,250
"So Boris Johnson has decided to join the police this morning - he looked great in the hat. I think he will make a very competent police officer, indeed!!",1.0,251
"Bill and Melinda Gates foundation announces #billions to fund fight against #Corona 
ğŸ™ğŸ» it comes ASAP https://t.co/VXdAVfOSnp",0.0,252
Living with a str*ight man is like living with a four year old,0.0,253
I feel like I have Twitter friends with opinions on this - what are the must do/eat/see/drink spots in Des Moines? Please share.,0.0,254
love it when Jonny makes me use earphones to watch something on my phone so he can play fifa,1.0,255
Absolutely disgusting. Tr*mp says he â€œlovesâ€ domestic terrorists and spends most of the minute long video complaining about election and not condemning their actions today? Rot in fucking hell.,0.0,256
the way i see red when iâ€™m stressed out is absolutely draining,0.0,257
my neighbors taunting me outside my office window by chilling in their hot tub every remotely warm day whilst I sit here on back-to-back zooms all day every day. the audacity is astonishing.,1.0,258
Oh hey guys I got the job I start Wednesday ğŸ˜‡,0.0,259
Passed my theory,0.0,260
"@tineyaaa Youâ€™re right, I should be grateful for you at least",0.0,261
do people with clear skin feel accomplished?? superior??? comfortable in their own skin???? whatâ€™s that like lmfao,1.0,262
"I'm walking for Citizens Advice in NW Kent. Please help if you can x
2019 London Legal Walk https://t.co/b90ZFwS0Lf",0.0,263
if anyone sees me listening to tavern music or sea shanties on Spotify no you didnâ€™t,0.0,264
Great time for sim and I to have our weekly life update.... ğŸŒ›ğŸŒœğŸ¨ (closest thing to an owl) ğŸ’¤ğŸ’¤ğŸ’¤ğŸ’¤ğŸ’¤ğŸ˜´,1.0,265
i hate that low rise pants are making a comeback!!! i will NOT be partaking,0.0,266
my mom says i need to interact w actual ppl and not just folks online :((( i have no friends irl,0.0,267
"Just poured boiling water all over my cereal instead of into my tea cup, gonna be a long day this.",0.0,268
im glad we finally have a party in opposition who are committed to taking the government to task for not making mistakes fast enough,1.0,269
besties i may have flooded my bathroom with an inch of water,0.0,270
if jesus was resurrected again i would vote for him,1.0,271
bloody buzzing iâ€™ve got a new job !!!,0.0,272
Nightmares are so horrible and weird.. my is my brain subconsciously thinking about horrible things like what?,0.0,273
"Are GoFundMe accounts a form of socialism?  I donâ€™t have enough money to pay my bills, so let me create an account an ask for money to help pay my bills. ??",1.0,274
Seriously thank God tomorrow's friday #needabreak,0.0,275
Learn about what we do in the Brain and Behaviour Lab at the #UniversityofPortsmouth #zebrafish https://t.co/A7aazJYwoq,0.0,276
I cannot stress how much I hate the noise of people eating. Canâ€™t be downstairs when my parents are eating because itâ€™s so fucking unbearable ğŸ˜‚,0.0,277
Holby City had me gripped! Best. Episode. Ever.,0.0,278
Itâ€™s actually really easy to get into the mindset of a Tory. All I do is smash my head into a wall until I bleed and then slur incoherently about social mobility and England before stuffing handfuls of loose change into Tim Martinâ€™s hands and kick a homeless person in the jaw.,1.0,279
I changed out of my pajamas today and I think thatâ€™s really brave,1.0,280
Only a a President as strong and decisive as @realDonaldTrump would force the FDA to OK a drug even before clinical trial results are in.  No need to wait for such silly formalities - people have been taking the drug for years and most are still alive and fine! #OkToTry #Gotrump https://t.co/IdxTJ7kucp,1.0,281
"@alex_jantz As a self-appointed rep of Baylor, we would welcome you back anytime",0.0,282
And so it begins. The Sunday back to school preparation. ğŸ˜©,0.0,283
South Park being taken off Hulu is the worst thing thatâ€™s happened to me personally in 2020 and like.. my dad died,1.0,284
"Also, it gets forgotten just how often the Israeli military conducts raids just for fun, to terrorise and demoralise the people who live there, and to collectively punish the population. This happens all the time, out of sight. https://t.co/iaTv2ENoUW",0.0,285
@FeeyaCruz But you get to see me?!,0.0,286
"@BioMarkDarrah @Bio_Warner @GambleMike @BenIrvo Not sure if this has been answered somewhere or not, but are the MTX going to be live for Early Access, or is that something for the 22nd?",0.0,287
Sometimes I wonder if Priti Patel and Boris Johnson think that the Prime Minister is the one with the best K/D ratio. It would make sense with the whole 'let the bodies pile high' thing.,1.0,288
Itâ€™s so easy to have the best day until someone lies to your face ğŸ¥°â¤ï¸ğŸ˜­,1.0,289
@catboychika Aren't you happy I gave you less competition for ranking,1.0,290
Exams have finally finished!! I can be happy again #woooooo,0.0,291
Not me rewatching Heâ€™s All That just to cringe the whole time until that mf pulls up on a horse!!!!!,0.0,292
@jabadgo @Nibellion Donâ€™t run it on a school-provided laptop,1.0,293
Think I just fell in love with a new song... will be playing it 24/7 now,0.0,294
"According to my road rage, the word of the day is asshat",1.0,295
Top 10 pools in my book:  1. Swimming pool 2. Paddling pool 3. Above-ground pool 4. Family pool 5. Architectural pool 6. Indoor pool 7. Lap pool 8. Olympic size pool 9. Natural pool  10. Salt water pool  Sorry Liverpool you are not top 10 pools in my book ğŸ˜­ğŸ˜­ğŸ˜­,1.0,296
"So, a country that is trillions in debt, with numbers approaching 13 million on surgical waiting lists and hurtling towards facism regime, is talking about rescuing people from a facist regime?",1.0,297
@ShareZone5 @StockpickB You are a right bundle of laughs to take to the pictures Draft!,1.0,298
"Thanks @Tesco for not informing me that my click and collect order had been cancelled when my account says it's ready to collect my partner has had to travel unnecessarily to Stafford and we still don't have our shopping, good diet I guess having to wait for my 26th delivery slot https://t.co/xq9oXEkw8o",1.0,299
my cat always sleeps on the very edge of the bed even when i invite him up for cuddles. he so polite ğŸ¥²,0.0,300
"Today has been a good day, I didn't fall off a ladder, my model train show tickets came, I got mentioned on @WWFCFancast, they liked my bostocks cup recommendation, and more importantly, they got my name right! Hurrah.",0.0,301
"The Spanish National Ballet company rehearsing wearing masks: gasping, falling about clutching their chests unable to breathe after 2 minutes. Makes sense that you'd refuse to wear a mask in a bus for five minutes to protect others. Totally. Carry on.",1.0,302
"@Mythical So worried about him. But if you're looking to save him, based on the topography I'd say it's somewhere on the east coast. Perhaps the Carolinas?",1.0,303
"@kagune_kun despicable tweet, my liege",1.0,304
Morning workout routine: bench pressing my weighted blanket,0.0,305
"Thanks to India for being so inept. I was hoping for a full day of cricket, got snacks and everything. Cheers. You could have at least tried. #bbccricket #INDvENG #ENGvsIND #Cricket",1.0,306
How DARE my friends have jobs/boyfriends/lives they should consider my feelings and be free when I am,1.0,307
if you drive dangerously on purpose youâ€™re the scum of the earth,0.0,308
my hobbies include leaving projects for the night before and then complaining that the teacher didn't give us enough time ğŸ™ƒğŸ™ƒ,1.0,309
"just booked to see David Gray too,,, am i 40",1.0,310
@adorinqdwt @dwtridesgnf Yes the racist is so cool!!!,1.0,311
"""friends""",1.0,312
"Had an end-of-the-year gathering with my ms coworkers tonight and it was just so nice to be together. 

Get vaccinated, guys.",0.0,313
Running on 2 hours of sleep the past 2 days ğŸ¥´,0.0,314
"itâ€™s amazing how many people get mad at you for simply Raising Questions, such as â€œwhat if the vaccine makes your balls inflate like helium balloons and cause you to float away to never be seen againâ€",1.0,315
"@beesmygod_ the people who are going ""yeah well The Assault Man said he didn't assault her so she's a liar"" are making ME crazier just from exposure",0.0,316
"""calm down, I've only had it a couple weeks"" ğŸ¤¨ğŸ˜’",0.0,317
Every day Spotify insists I listen to â€˜coconutâ€™ by Harry Nilsson but I donâ€™t ever have the heart to skip it so the cycle continues and the algorithm becomes further entrenched,0.0,318
Original pandemic baby bc I got swine flu xx,0.0,319
Coronavirus looking at everyone going outside on their snaps https://t.co/cNClGKs2LT,0.0,320
"Afghanistan just completely crumbling after spending over 2 trillion USD and 240,000 human lives over the course of 20 futile years of American occupation sounds amazing in theory, sure. 
But how are we gonna pay for it? Whatâ€™s next, chocolate milk for everybody?",1.0,321
i despise the racism within oldham,0.0,322
Having a bad week but what else is new!! At least I finally got paid ğŸ’•ğŸ˜­,1.0,323
"Listen if you canâ€™t laugh at â€œbadly sprained your ankle doing a Mamma Mia themed Zumba video alone in your apartment in year two of a global pandemic and are now on bed rest for a weekâ€, what can you laugh at",0.0,324
"Hear me out... The lyrics in ""coney island"" should've been ""lost again with no surprises, disappointments close your EYESES"" 

Fixed it for you @taylorswift13 ğŸ˜‰

#evermorealbum 
@taylornation13",1.0,325
They really took friends off Netflix ğŸ˜­ğŸ˜©ğŸ¤¦ğŸ¼â€â™€ï¸ what am I suppose to watch now??!??!!,1.0,326
I see the govt has run out of lateral flow tests. What a shock.,1.0,327
"such a good morning, computer froze, update then crashed my laptop, just spilt a cup of coffee. Can the week honestly get any better than this!!",1.0,328
2 assignments due Friday and I have no motivation to do either of them ğŸ˜­,0.0,329
"i have been informed that, as aroace and agender, i have triple visibility and am now visible from space.",1.0,330
does anyone else hate hearing their own voice I sound so aids,0.0,331
@abhiishekkkkkk @FCBGox Did you even watch a single la Liga madrid game last season bruh Varane isnâ€™t that good anymore,1.0,332
complained about my job for weeks but i just cried after my last shift :(,0.0,333
I donâ€™t like how bright the white text and icons are,0.0,334
@sdeditgirl You should know a true Oregonian doesn't use umbrellas!,1.0,335
Been trying to get my boyfriends attention. Letâ€™s see how long it takes for him to see this tweet tho.,1.0,336
omg my ships are gonna love what taylor swift has done for them,1.0,337
Between Mikey cooking and Didi cooking for me I relaxing ğŸ˜  cooking?? I donâ€™t know her,1.0,338
Death by Zara fitting room,1.0,339
"New year, new me, noodles",0.0,340
"to be completely honest, my ego is MASSIVE and iâ€™m not even sorry abt it :))",0.0,341
So staying up late was worth it..... ğŸ˜ªğŸ˜©,1.0,342
Delaying June 21st is entirely Boris Johnsonâ€™s fault for not responding to the Indian variant quickly and keeping the boarders open and we mustnâ€™t forget that. This was entirely preventable.,0.0,343
Men will literally fake an injury on the football field instead of going to therapy,1.0,344
i have this reoccurring nightmare where i accidentally forget to put on shoes before school and i have to spend the whole day barefoot,0.0,345
Shaving in the shower without your glasses/contacts is EXACTLY like performing blind surgery ğŸ‘€ğŸ”ª,1.0,346
Lol i actually realized that Iâ€™ve justified not working out for the past three months by telling myself that my hair was too short to fit in a ponytail.,0.0,347
Kind of rude of my stomach to still make whale noises after Iâ€™ve given it a whole protein bar,1.0,348
Wow the realization that I now never have to take a language class ever again just hit me and I feel like I could float on a cloud with that weight off my shoulders,0.0,349
